Data Source,World Development Indicators,,,,,,,,,,,,,,,,,,,,,,,,,,,,,,,,,,,,,,,,,,,,,,,,,,,,,,,,,,,,,,,
Last Updated Date,3/19/2021,,,,,,,,,,,,,,,,,,,,,,,,,,,,,,,,,,,,,,,,,,,,,,,,,,,,,,,,,,,,,,,
,,,,,,,,,,,,,,,,,,,,,,,,,,,,,,,,,,,,,,,,,,,,,,,,,,,,,,,,,,,,,,,,
Country Name,Country Code,Indicator Name,Indicator Code,1960,1961,1962,1963,1964,1965,1966,1967,1968,1969,1970,1971,1972,1973,1974,1975,1976,1977,1978,1979,1980,1981,1982,1983,1984,1985,1986,1987,1988,1989,1990,1991,1992,1993,1994,1995,1996,1997,1998,1999,2000,2001,2002,2003,2004,2005,2006,2007,2008,2009,2010,2011,2012,2013,2014,2015,2016,2017,2018,2019,2020
Aruba,ABW,"GNI per capita, PPP (current international $)",NY.GNP.PCAP.PP.CD,,,,,,,,,,,,,,,,,,,,,,,,,,,,,,,23070,24800,25400,26090,27270,27390,27210,28780,29410,28980,31620,30140,27760,29550,31950,27060,33630,31230,35670,32360,30710,31000,32030,34260,35090,35190,35660,36300,,,
Afghanistan,AFG,"GNI per capita, PPP (current international $)",NY.GNP.PCAP.PP.CD,,,,,,,,,,,,,,,,,,,,,,,,,,,,,,,,,,,,,,,,,,,,,,,,,,1520,1710,1700,1920,2020,2070,2110,2000,2090,2100,2190,
Angola,AGO,"GNI per capita, PPP (current international $)",NY.GNP.PCAP.PP.CD,,,,,,,,,,,,,,,,,,,,,,,,,,,,,,,2990,3310,1630,1490,1260,2350,2420,2830,2820,2640,2790,2910,3380,3470,3780,4310,4730,5350,5580,5840,5950,6130,6810,7130,7680,6960,6730,6860,6550,6380,
Albania,ALB,"GNI per capita, PPP (current international $)",NY.GNP.PCAP.PP.CD,,,,,,,,,,,,,,,,,,,,,,,,,,,,,,,2550,1880,1740,2110,2300,2710,3050,2780,3110,3550,3980,4460,4800,5150,5560,5990,6750,7480,8260,8680,9540,10210,10450,10750,11360,11800,12280,12850,13960,14450,
Andorra,AND,"GNI per capita, PPP (current international $)",NY.GNP.PCAP.PP.CD,,,,,,,,,,,,,,,,,,,,,,,,,,,,,,,,,,,,,,,,,,,,,,,,,,,,,,,,,,,,,
Arab World,ARB,"GNI per capita, PPP (current international $)",NY.GNP.PCAP.PP.CD,,,,,,,,,,,,,,,,,,,,,,,,,,,,,,,6996.552152,7577.252507,7985.198658,8220.566724,8323.822768,8471.77054,8733.271869,9023.361383,9551.890022,9615.245397,10064.85182,10272.09698,10144.69661,10587.07878,11638.64526,12320.25887,13278.68339,14002.11329,14723.45936,14526.87984,14953.88478,15368.70197,16432.81744,16420.78335,16182.37129,14635.08688,14073.63861,14587.4289,14914.51367,15133.99544,
United Arab Emirates,ARE,"GNI per capita, PPP (current international $)",NY.GNP.PCAP.PP.CD,,,,,,,,,,,,,,,,,,,,,,,,,,,,,,,,,,,,,,,,,103160,101460,96350,99190,102360,99230,97720,89930,80690,68870,64860,67710,69160,70460,73740,65220,64340,67670,68830,70430,
Argentina,ARG,"GNI per capita, PPP (current international $)",NY.GNP.PCAP.PP.CD,,,,,,,,,,,,,,,,,,,,,,,,,,,,,,,6880,7760,8560,9410,10030,9790,10370,11260,11650,11280,11310,10900,9540,10580,10860,12030,14460,16130,16970,15830,17440,18770,19150,19650,19250,19700,19860,23000,22480,22120,
Armenia,ARM,"GNI per capita, PPP (current international $)",NY.GNP.PCAP.PP.CD,,,,,,,,,,,,,,,,,,,,,,,,,,,,,,,2670,2550,1290,1480,1630,1870,2050,2240,2390,2510,2740,3090,3580,4180,4810,5680,6720,7960,8790,7530,7880,8310,9740,10440,10490,10370,10950,12540,13250,14500,
American Samoa,ASM,"GNI per capita, PPP (current international $)",NY.GNP.PCAP.PP.CD,,,,,,,,,,,,,,,,,,,,,,,,,,,,,,,,,,,,,,,,,,,,,,,,,,,,,,,,,,,,,
Antigua and Barbuda,ATG,"GNI per capita, PPP (current international $)",NY.GNP.PCAP.PP.CD,,,,,,,,,,,,,,,,,,,,,,,,,,,,,,,10480,11300,11580,12440,13240,12630,13490,14290,14880,15320,15930,15670,15540,16670,17800,19440,22250,24590,24540,21510,20110,19720,18950,18180,18110,17720,18570,18780,20580,21780,
Australia,AUS,"GNI per capita, PPP (current international $)",NY.GNP.PCAP.PP.CD,,,,,,,,,,,,,,,,,,,,,,,,,,,,,,,16720,17060,17460,18600,19600,20160,21180,22150,23410,24470,25560,26610,27940,28900,30410,31360,32950,34910,35930,38890,37770,40280,41520,44760,45650,45340,46220,47310,49760,51680,
Austria,AUT,"GNI per capita, PPP (current international $)",NY.GNP.PCAP.PP.CD,,,,,,,,,,,,,,,,,,,,,,,,,,,,,,,19510,20550,21290,21740,22620,23550,24490,25300,26510,27170,29130,29310,31000,32030,33700,34940,37700,39340,41660,40930,42390,44600,46500,48050,48860,49370,52680,53830,58320,60720,
Azerbaijan,AZE,"GNI per capita, PPP (current international $)",NY.GNP.PCAP.PP.CD,,,,,,,,,,,,,,,,,,,,,,,,,,,,,,,,,,3280,2650,2350,2400,2560,2820,3030,3220,3590,3970,4430,4820,6000,8190,10120,11780,13120,13950,13710,14980,16230,16850,14370,13430,13510,13800,14400,
Burundi,BDI,"GNI per capita, PPP (current international $)",NY.GNP.PCAP.PP.CD,,,,,,,,,,,,,,,,,,,,,,,,,,,,,,,610,650,650,620,590,550,510,500,530,520,540,530,550,530,550,560,590,610,630,640,660,680,690,740,780,840,800,770,780,790,
Belgium,BEL,"GNI per capita, PPP (current international $)",NY.GNP.PCAP.PP.CD,,,,,,,,,,,,,,,,,,,,,,,,,,,,,,,18700,19690,20360,20760,21990,22880,23220,24300,24960,26030,28510,29340,30810,31490,32480,33590,35720,37260,38800,38480,40480,41010,43270,44750,45870,46850,49060,51060,54860,57050,
Benin,BEN,"GNI per capita, PPP (current international $)",NY.GNP.PCAP.PP.CD,,,,,,,,,,,,,,,,,,,,,,,,,,,,,,,1230,1290,1290,1370,1370,1440,1490,1560,1610,1670,1750,1830,1880,1920,2000,2050,2130,2250,2350,2350,2350,2410,2480,2650,2820,2860,2980,3010,3200,3400,
Burkina Faso,BFA,"GNI per capita, PPP (current international $)",NY.GNP.PCAP.PP.CD,,,,,,,,,,,,,,,,,,,,,,,,,,,,,,,590,650,640,660,670,700,780,810,860,910,920,970,1000,1060,1110,1200,1290,1340,1400,1390,1460,1520,1580,1640,1620,1640,1810,1970,2080,2180,
Bangladesh,BGD,"GNI per capita, PPP (current international $)",NY.GNP.PCAP.PP.CD,,,,,,,,,,,,,,,,,,,,,,,,,,,,,,,870,910,960,1010,1050,1100,1150,1200,1250,1300,1370,1450,1510,1590,1690,1830,2010,2200,2380,2490,2640,2830,3190,3400,3590,3790,4070,4340,4760,5200,
Bulgaria,BGR,"GNI per capita, PPP (current international $)",NY.GNP.PCAP.PP.CD,,,,,,,,,,,,,,,,,,,,,,,,,,,,,,,6940,6470,6790,6890,7180,7550,6610,5570,6060,5730,6270,6970,7950,8550,9300,10320,11110,11860,13650,13740,14570,15170,16030,16220,17410,17770,19400,20930,22890,24900,
Bahrain,BHR,"GNI per capita, PPP (current international $)",NY.GNP.PCAP.PP.CD,,,,,,,,,,,,,,,,,,,,,,,,,,,,,,,28280,31310,32190,34690,34260,36690,38110,37590,39050,39240,41140,40590,39640,40950,42250,44230,45240,46880,46130,41630,42550,41180,49020,49600,48600,43030,42280,45030,44740,44250,
"Bahamas, The",BHS,"GNI per capita, PPP (current international $)",NY.GNP.PCAP.PP.CD,,,,,,,,,,,,,,,,,,,,,,,,,,,,,,,20810,20200,19860,19840,20530,23790,26180,23160,24130,26250,27550,28270,29110,28860,29410,30690,31710,32400,32190,30300,30460,30940,31880,31770,31850,32270,32890,35250,35930,37420,
Bosnia and Herzegovina,BIH,"GNI per capita, PPP (current international $)",NY.GNP.PCAP.PP.CD,,,,,,,,,,,,,,,,,,,,,,,,,,,,,,,,,,,850,1080,2210,3090,4430,4770,5040,5190,5530,5720,6500,6750,7630,8430,9360,9380,9510,10060,10380,11160,11530,12090,13090,13750,15340,16280,
Belarus,BLR,"GNI per capita, PPP (current international $)",NY.GNP.PCAP.PP.CD,,,,,,,,,,,,,,,,,,,,,,,,,,,,,,,5230,5340,4930,4650,4170,3840,4040,4580,5040,5330,5780,6220,6690,7370,8490,9630,10970,12220,13780,13830,15050,16170,17660,18260,18360,17240,16900,17580,18650,19400,
Belize,BLZ,"GNI per capita, PPP (current international $)",NY.GNP.PCAP.PP.CD,,,,,,,,,,,,,,,,,,,,,,,,,,,,,,,3270,3690,4130,4400,4360,4400,4380,4470,4460,4710,5210,5320,5530,5880,6030,6220,6550,6430,6630,6930,6800,7170,6700,6680,6580,6840,6730,6620,6580,6700,
Bermuda,BMU,"GNI per capita, PPP (current international $)",NY.GNP.PCAP.PP.CD,,,,,,,,,,,,,,,,,,,,,,,,,,,,,,,35240,35260,36070,37830,38600,40850,,,,,,,,,,,,77740,77040,72550,72180,71790,70450,72180,71390,74460,78530,85190,86120,86600,
Bolivia,BOL,"GNI per capita, PPP (current international $)",NY.GNP.PCAP.PP.CD,,,,,,,,,,,,,,,,,,,,,,,,,,,,,,,2250,2410,2490,2600,2730,2860,2990,3140,3280,3270,3350,3410,3490,3540,3690,3930,4180,4400,4710,4790,4930,5240,5570,6210,6690,6890,7360,8170,8650,8930,
Brazil,BRA,"GNI per capita, PPP (current international $)",NY.GNP.PCAP.PP.CD,,,,,,,,,,,,,,,,,,,,,,,,,,,,,,,6520,6760,6780,7110,7420,7970,8060,8310,8200,8160,8800,8960,9250,9420,10140,10670,11350,12280,12990,12980,13860,14650,14670,15370,15430,14470,13950,14250,14530,14890,
Barbados,BRB,"GNI per capita, PPP (current international $)",NY.GNP.PCAP.PP.CD,,,,,,,,,,,,,,,,,,,,,,,,,,,,,,,9360,9300,8980,9190,9520,9820,10320,11010,11500,11600,12310,12180,12390,12810,13400,14140,15120,16140,16310,15680,15730,15250,14740,14700,14540,14810,15220,15080,15330,15770,
Brunei Darussalam,BRN,"GNI per capita, PPP (current international $)",NY.GNP.PCAP.PP.CD,,,,,,,,,,,,,,,,,,,,,,,,,,,,,,,55910,57950,60350,60250,61770,64190,65590,64190,63100,64530,66440,68350,70720,72760,73810,75210,79770,81430,80340,78680,79690,81680,86130,82860,81300,65690,60420,64620,62240,66590,
Bhutan,BTN,"GNI per capita, PPP (current international $)",NY.GNP.PCAP.PP.CD,,,,,,,,,,,,,,,,,,,,,,,,,,,,,,,1410,1410,1460,1550,1720,1770,1900,2060,2010,2090,2690,2920,3180,3400,3640,4000,4390,5230,5450,5730,6310,6830,7280,7430,8050,8820,9560,10170,10580,11230,
Botswana,BWA,"GNI per capita, PPP (current international $)",NY.GNP.PCAP.PP.CD,,,,,,,,,,,,,,,,,,,,,,,,,,,,,,,5520,6220,6440,6830,6240,6970,7000,7720,8090,8190,8250,8610,8150,8860,9060,9830,10850,11920,12630,12080,12680,13940,13390,14070,15830,15060,15840,15900,16530,17140,
Central African Republic,CAF,"GNI per capita, PPP (current international $)",NY.GNP.PCAP.PP.CD,,,,,,,,,,,,,,,,,,,,,,,,,,,,,,,630,630,590,580,600,640,610,640,660,690,660,700,720,680,720,740,780,830,840,910,960,1020,1110,750,730,800,860,960,1030,1060,
Canada,CAN,"GNI per capita, PPP (current international $)",NY.GNP.PCAP.PP.CD,,,,,,,,,,,,,,,,,,,,,,,,,,,,,,,19500,19550,19880,20700,21810,22670,23240,24470,25430,26900,28590,29360,30180,31540,33180,35580,37500,38970,39780,38220,39320,40880,41540,43620,45010,43990,45900,47930,50280,51140,
Central Europe and the Baltics,CEB,"GNI per capita, PPP (current international $)",NY.GNP.PCAP.PP.CD,,,,,,,,,,,,,,,,,,,,,,,,,,,,,,,,,6537.689188,6847.600097,7308.89947,7878.200905,8278.943318,8568.344076,8953.398311,9235.76519,9864.366731,10640.22472,11442.55543,12031.42243,12982.49132,13898.50507,15341.626,16898.90544,19018.98218,19121.22592,20086.60959,21342.88689,22174.66363,23240.56309,24197.04371,25222.65839,26896.33191,28963.7169,31785.84552,33997.74034,
Switzerland,CHE,"GNI per capita, PPP (current international $)",NY.GNP.PCAP.PP.CD,,,,,,,,,,,,,,,,,,,,,,,,,,,,,,,28160,28510,28750,29260,29770,30600,31320,33210,34510,35710,38140,38240,38720,40190,41610,43980,48460,50040,49150,52780,56230,56830,59140,61380,62170,65340,65880,65820,71070,73800,
Channel Islands,CHI,"GNI per capita, PPP (current international $)",NY.GNP.PCAP.PP.CD,,,,,,,,,,,,,,,,,,,,,,,,,,,,,,,,,,,,,,,,,,,,,,,,,,,,,,,,,,,,,
Chile,CHL,"GNI per capita, PPP (current international $)",NY.GNP.PCAP.PP.CD,,,,,,,,,,,,,,,,,,,,,,,,,,,,,,,4270,4700,5390,5910,6270,7070,7750,8370,8790,8720,9220,9640,9930,10180,10840,11640,13840,15050,15220,15060,16880,19110,20490,21300,21910,22010,22710,23530,24420,25920,
China,CHN,"GNI per capita, PPP (current international $)",NY.GNP.PCAP.PP.CD,,,,,,,,,,,,,,,,,,,,,,,,,,,,,,,990,1100,1260,1450,1660,1830,2030,2240,2410,2620,2890,3160,3500,3910,4410,5020,5830,6830,7620,8290,9210,10200,11170,11830,12570,12930,13520,14330,15530,16760,
Cote d'Ivoire,CIV,"GNI per capita, PPP (current international $)",NY.GNP.PCAP.PP.CD,,,,,,,,,,,,,,,,,,,,,,,,,,,,,,,1750,1780,1770,1740,1800,1910,2060,2140,2230,2230,2080,2030,1960,1870,2000,2210,2260,2310,2370,2410,2430,2310,2540,2700,3050,4550,4620,4690,4960,5300,
Cameroon,CMR,"GNI per capita, PPP (current international $)",NY.GNP.PCAP.PP.CD,,,,,,,,,,,,,,,,,,,,,,,,,,,,,,,1780,1680,1630,1500,1520,1550,1610,1670,1750,1800,1830,1880,1960,2080,2250,2290,2410,2500,2590,2620,2650,2750,2810,2950,3160,3210,3350,3490,3620,3730,
"Congo, Dem. Rep.",COD,"GNI per capita, PPP (current international $)",NY.GNP.PCAP.PP.CD,,,,,,,,,,,,,,,,,,,,,,,,,,,,,,,,,,,500,490,520,490,480,440,440,410,430,450,470,500,530,550,560,580,610,640,630,690,780,840,940,1030,1080,1110,
"Congo, Rep.",COG,"GNI per capita, PPP (current international $)",NY.GNP.PCAP.PP.CD,,,,,,,,,,,,,,,,,,,,,,,,,,,,,,,2940,3040,3220,2960,2940,2150,2190,2620,2810,2510,2710,2780,2930,2990,2870,3330,3680,3650,4000,4570,4970,4890,5990,5930,5980,4640,3740,4120,3400,2980,
Colombia,COL,"GNI per capita, PPP (current international $)",NY.GNP.PCAP.PP.CD,,,,,,,,,,,,,,,,,,,,,,,,,,,,,,,4810,5000,5240,5580,5980,6310,6420,6640,6660,6380,6550,6670,6830,7070,7540,8120,8800,9490,9830,9940,10340,11110,11560,12280,12910,13080,13710,13960,14670,15510,
Comoros,COM,"GNI per capita, PPP (current international $)",NY.GNP.PCAP.PP.CD,,,,,,,,,,,,,,,,,,,,,,,,,,,,,,,1580,1510,1640,1670,1570,1610,1580,1620,1620,1630,1800,1840,1860,1890,1930,2000,2070,2100,2160,2190,2250,2340,2510,2640,2720,2720,2880,3050,3160,3210,
Cabo Verde,CPV,"GNI per capita, PPP (current international $)",NY.GNP.PCAP.PP.CD,,,,,,,,,,,,,,,,,,,,,,,,,,,,,,,1070,1090,1210,1300,1540,1740,1920,2130,2360,2600,2960,3080,3200,3360,3740,4010,4380,5210,5560,5470,5440,5730,5570,5590,5460,5770,6100,6410,6870,7330,
Costa Rica,CRI,"GNI per capita, PPP (current international $)",NY.GNP.PCAP.PP.CD,,,,,,,,,,,,,,,,,,,,,,,,,,,,,,,4830,5080,5540,5930,6250,6450,6520,6830,7150,7250,7480,7770,8020,8380,8890,9430,10360,11400,12080,11730,12310,12930,13640,14100,14960,15860,17800,18770,19270,20470,
Caribbean small states,CSS,"GNI per capita, PPP (current international $)",NY.GNP.PCAP.PP.CD,,,,,,,,,,,,,,,,,,,,,,,,,,,,,,,5726.092718,5969.004878,6312.762766,6745.377556,6938.381617,7364.939859,7803.831919,7988.405909,8264.78058,8648.000328,9037.863471,9349.488889,9813.14355,10545.03975,11343.2243,11963.60121,13147.85176,13973.56896,14434.77302,13871.7835,14224.19668,14183.51528,14417.37036,14836.8164,14833.3061,14739.04434,14569.2156,15203.4325,15471.2042,16047.26008,
Cuba,CUB,"GNI per capita, PPP (current international $)",NY.GNP.PCAP.PP.CD,,,,,,,,,,,,,,,,,,,,,,,,,,,,,,,,,,,,,,,,,,,,,,,,,,,,,,,,,,,,,
Curacao,CUW,"GNI per capita, PPP (current international $)",NY.GNP.PCAP.PP.CD,,,,,,,,,,,,,,,,,,,,,,,,,,,,,,,,,,,,,,,,,,,,,,25350,25930,26750,26940,26440,26790,27060,25800,25470,25120,25070,24680,25690,26450,26650,
Cayman Islands,CYM,"GNI per capita, PPP (current international $)",NY.GNP.PCAP.PP.CD,,,,,,,,,,,,,,,,,,,,,,,,,,,,,,,,,,,,,,,,,,,,,,,,,,,59910,61840,42520,37500,36380,38100,40050,41790,,,
Cyprus,CYP,"GNI per capita, PPP (current international $)",NY.GNP.PCAP.PP.CD,,,,,,,,,,,,,,,,,,,,,,,,,,,,,,,13240,13450,14640,14740,15600,16200,16450,16800,19320,18530,19470,21240,22340,23260,24460,26320,28320,30740,34260,33820,32970,34190,31610,30020,29240,31510,33970,36620,38340,39830,
Czech Republic,CZE,"GNI per capita, PPP (current international $)",NY.GNP.PCAP.PP.CD,,,,,,,,,,,,,,,,,,,,,,,,,,,,,,,,,11820,12180,12800,13720,14440,14600,14760,15110,15930,17130,17600,18860,19920,21070,22400,24560,26270,25860,25810,26660,27370,28860,30270,31570,33660,36740,40020,41570,
Germany,DEU,"GNI per capita, PPP (current international $)",NY.GNP.PCAP.PP.CD,,,,,,,,,,,,,,,,,,,,,,,,,,,,,,,19630,21020,21730,21860,22740,23480,24020,24520,25200,26110,27060,28180,28870,29570,31500,32060,34690,36770,38160,37670,39760,43630,44400,46040,47950,48760,51810,54230,58070,59090,
Djibouti,DJI,"GNI per capita, PPP (current international $)",NY.GNP.PCAP.PP.CD,,,,,,,,,,,,,,,,,,,,,,,,,,,,,,,,,,,,,,,,,,,,,,,,,,,,,,4210,4490,4850,4950,5100,5520,5620,
Dominica,DMA,"GNI per capita, PPP (current international $)",NY.GNP.PCAP.PP.CD,,,,,,,,,,,,,,,,,,,,,,,,,,,,,,,4190,4350,4540,4760,4770,4970,5140,5420,5780,5720,5750,6160,6000,6510,6780,7100,7980,8630,9490,9570,9830,9980,9570,9860,10560,10690,11630,11050,11840,12250,
Denmark,DNK,"GNI per capita, PPP (current international $)",NY.GNP.PCAP.PP.CD,,,,,,,,,,,,,,,,,,,,,,,,,,,,,,,17580,18350,19160,19680,21160,22230,23220,24470,25450,26370,28020,29020,30260,30510,32950,34430,37740,39150,41740,40760,43740,45340,45820,48210,49640,50550,53250,56250,60610,63920,
Dominican Republic,DOM,"GNI per capita, PPP (current international $)",NY.GNP.PCAP.PP.CD,,,,,,,,,,,,,,,,,,,,,,,,,,,,,,,3540,3620,4040,4290,4440,4710,5030,5490,5820,6140,6480,6680,6990,6760,6910,7920,8830,9600,10110,10160,11000,11410,11430,11890,12820,14130,15420,15940,17330,18300,
Algeria,DZA,"GNI per capita, PPP (current international $)",NY.GNP.PCAP.PP.CD,,,,,,,,,,,,,,,,,,,,,,,,,,,,,,,6660,6510,6690,6630,6530,6710,6980,7120,7490,7690,8030,8500,8930,9620,10140,10840,11310,12130,12550,12600,13060,13360,13060,12770,12710,11690,11510,11560,11630,11720,
East Asia & Pacific (excluding high income),EAP,"GNI per capita, PPP (current international $)",NY.GNP.PCAP.PP.CD,,,,,,,,,,,,,,,,,,,,,,,,,,,,,,,1419.792767,1557.729745,1731.982517,1936.045056,2162.752232,2370.083021,2596.111035,2787.814271,2799.24031,2968.040106,3233.944944,3498.633599,3805.908471,4176.006103,4630.833209,5157.358977,5852.931886,6692.141883,7354.191591,7850.45008,8643.47693,9456.903325,10288.62313,10828.95265,11413.68704,11700.7061,12220.62736,12910.32295,13933.00931,14959.74767,
Early-demographic dividend,EAR,"GNI per capita, PPP (current international $)",NY.GNP.PCAP.PP.CD,,,,,,,,,,,,,,,,,,,,,,,,,,,,,,,2857.502593,3036.739655,3177.166298,3275.506543,3374.781801,3501.93032,3686.787578,3844.448453,3812.630373,3877.296481,4069.597707,4182.617963,4260.662454,4494.826206,4830.449844,5200.250052,5657.942632,6094.267622,6386.920599,6481.834691,6875.386423,7271.839939,7634.51887,7867.742768,8090.619724,8193.124876,8455.988827,8887.028018,9325.013076,9607.051885,
East Asia & Pacific,EAS,"GNI per capita, PPP (current international $)",NY.GNP.PCAP.PP.CD,,,,,,,,,,,,,,,,,,,,,,,,,,,,,,,3194.31202,3436.930718,3660.490937,3904.958109,4195.493113,4491.37196,4811.33334,5069.265608,5055.698309,5285.511099,5694.812278,6005.951414,6385.604172,6810.07027,7396.939004,8019.987886,8843.515438,9806.539882,10449.11277,10792.53284,11724.61301,12585.31621,13456.82528,14124.95706,14721.58506,15106.15354,15589.30212,16347.99634,17481.75932,18500.48321,
Europe & Central Asia (excluding high income),ECA,"GNI per capita, PPP (current international $)",NY.GNP.PCAP.PP.CD,,,,,,,,,,,,,,,,,,,,,,,,,,,,,,,6958.858746,6815.52508,6275.097526,6051.89773,5465.8367,5465.619258,5523.193602,5757.820834,5223.855452,5393.302287,6061.179408,6435.70104,6892.910082,7578.069124,8506.215567,9539.47176,11340.19016,12649.72585,14423.64095,13887.49489,14869.07573,16386.57404,17388.71067,18723.23788,19163.48231,18804.89038,19159.04727,20372.73995,22084.10522,22457.28129,
Europe & Central Asia,ECS,"GNI per capita, PPP (current international $)",NY.GNP.PCAP.PP.CD,,,,,,,,,,,,,,,,,,,,,,,,,,,,,,,11732.64206,12053.17591,12115.95515,12223.03804,12441.99451,12815.02537,13259.02913,13873.50749,14151.2016,14712.57723,15867.84107,16648.3476,17415.01797,18070.77129,19221.58344,20285.92566,22407.08271,23918.32422,25463.94394,24886.67709,25977.84132,27479.2459,28228.81975,29497.22338,30229.17214,30633.55812,32048.50271,33813.53765,36412.55713,37527.70727,
Ecuador,ECU,"GNI per capita, PPP (current international $)",NY.GNP.PCAP.PP.CD,,,,,,,,,,,,,,,,,,,,,,,,,,,,,,,4450,4750,4920,5060,5290,5420,5480,5720,5820,5370,5450,5790,6050,6210,6760,7270,7720,7970,8640,8640,8950,9700,10160,10990,11540,10870,10830,11360,11530,11540,
"Egypt, Arab Rep.",EGY,"GNI per capita, PPP (current international $)",NY.GNP.PCAP.PP.CD,,,,,,,,,,,,,,,,,,,,,,,,,,,,,,,3620,3820,3990,4120,4280,4490,4710,4950,5200,5460,5820,6080,6150,6330,6630,7010,7640,8290,8890,9140,9330,9440,10840,10930,10640,11310,11040,10800,11350,11840,
Euro area,EMU,"GNI per capita, PPP (current international $)",NY.GNP.PCAP.PP.CD,,,,,,,,,,,,,,,,,,,,,,,,,,,,,,,17017.0142,17939.90359,18510.22626,18767.1554,19538.59942,20419.71766,21069.8849,21947.16125,22943.32209,23887.28761,25363.86149,26460.67793,27385.93137,27820.34765,29039.76667,30091.51906,32588.60945,34364.43044,35550.16919,34910.47991,35913.38288,37599.22051,38032.13106,39253.96065,40162.86288,41110.03942,43703.59031,45901.81926,49287.80155,50941.63658,
Eritrea,ERI,"GNI per capita, PPP (current international $)",NY.GNP.PCAP.PP.CD,,,,,,,,,,,,,,,,,,,,,,,,,,,,,,,,,810,950,1190,1280,1390,1540,1590,1600,1530,1630,1630,1540,1530,1560,1550,1570,1410,1450,1470,1610,,,,,,,,,
Spain,ESP,"GNI per capita, PPP (current international $)",NY.GNP.PCAP.PP.CD,,,,,,,,,,,,,,,,,,,,,,,,,,,,,,,13500,14280,14650,14830,15230,16120,16700,17690,18850,19770,21440,22640,24100,24810,25880,27230,30110,31630,32340,31500,31240,31310,31470,32220,33400,34900,37380,39670,42080,43560,
Estonia,EST,"GNI per capita, PPP (current international $)",NY.GNP.PCAP.PP.CD,,,,,,,,,,,,,,,,,,,,,,,,,,,,,,,,,,,,,,,,,9070,9810,11050,12360,13710,15870,18250,20450,21640,19980,20650,23530,25110,26980,28310,28750,30870,33150,36740,39080,
Ethiopia,ETH,"GNI per capita, PPP (current international $)",NY.GNP.PCAP.PP.CD,,,,,,,,,,,,,,,,,,,,,,,,,,,,,,,410,380,340,380,390,410,460,460,440,460,480,520,520,500,570,640,710,790,870,930,1020,1130,1210,1280,1510,1650,1870,2010,2150,2310,
European Union,EUU,"GNI per capita, PPP (current international $)",NY.GNP.PCAP.PP.CD,,,,,,,,,,,,,,,,,,,,,,,,,,,,,,,14699.43186,15384.95302,15857.54344,16121.58614,16849.66437,17678.71068,18286.42728,19033.30167,19898.13714,20731.49851,22061.16415,23093.56198,24024.38254,24525.02396,25728.33403,26747.34539,29066.65854,30834.92205,32266.19332,31790.57918,32847.73215,34449.78073,34975.41011,36174.37029,37108.33085,38115.14075,40529.02031,42736.21426,46026.8647,47852.7055,
Fragile and conflict affected situations,FCS,"GNI per capita, PPP (current international $)",NY.GNP.PCAP.PP.CD,,,,,,,,,,,,,,,,,,,,,,,,,,,,,,,1882.608995,1988.448284,2095.164776,2136.398808,2142.841353,2198.24234,2280.623461,2411.205376,2545.065467,2605.615812,2651.651577,2772.024001,2761.114269,2659.667744,3051.150532,3260.025486,3607.820947,3857.800944,4087.181897,4161.088345,4333.360466,4248.353244,4606.323234,4745.297983,4841.491786,4636.231063,4547.069667,4684.835812,4770.640143,4870.855245,
Finland,FIN,"GNI per capita, PPP (current international $)",NY.GNP.PCAP.PP.CD,,,,,,,,,,,,,,,,,,,,,,,,,,,,,,,17790,17040,16530,16620,17700,18970,19590,21460,23120,24520,26630,27800,28690,28850,31400,32190,34720,37900,40150,38470,39490,41070,41060,41660,42180,42920,45140,47670,51480,53430,
Fiji,FJI,"GNI per capita, PPP (current international $)",NY.GNP.PCAP.PP.CD,,,,,,,,,,,,,,,,,,,,,,,,,,,,,,,4050,4070,4340,4470,4670,4960,5270,5160,5150,5650,5950,6010,6400,6520,7040,7380,7280,7460,7590,7620,7670,8010,8510,9350,10820,11660,11940,12370,13270,13120,
France,FRA,"GNI per capita, PPP (current international $)",NY.GNP.PCAP.PP.CD,,,,,,,,,,,,,,,,,,,,,,,,,,,,,,,17670,18340,18990,19250,20020,20800,21490,22510,23660,24790,26510,28000,28820,28520,29440,31020,33070,34760,35860,35500,36760,38440,38500,40410,41010,41730,43830,45770,49200,52050,
Faroe Islands,FRO,"GNI per capita, PPP (current international $)",NY.GNP.PCAP.PP.CD,,,,,,,,,,,,,,,,,,,,,,,,,,,,,,,,,,,,,,,,,,,,,,,,,,,,,,,,,,,,,
"Micronesia, Fed. Sts.",FSM,"GNI per capita, PPP (current international $)",NY.GNP.PCAP.PP.CD,,,,,,,,,,,,,,,,,,,,,,,,,,,,,,,,,,2360,2360,2420,2360,2180,2250,2380,2550,2660,2710,2800,2830,3010,3120,3190,3160,3340,3380,3530,3550,3540,3470,3980,3930,3970,3640,,
Gabon,GAB,"GNI per capita, PPP (current international $)",NY.GNP.PCAP.PP.CD,,,,,,,,,,,,,,,,,,,,,,,,,,,,,,,11190,11960,11200,11430,12120,12450,12810,13430,14000,12530,11850,12350,12710,12640,12120,13280,12470,12960,12500,12570,12890,13490,13820,13650,14570,13480,13180,14060,14110,14350,
United Kingdom,GBR,"GNI per capita, PPP (current international $)",NY.GNP.PCAP.PP.CD,,,,,,,,,,,,,,,,,,,,,,,,,,,,,,,17310,17690,18330,19170,20620,19900,21140,22650,23740,24330,26520,27930,29370,30620,32240,33030,34690,35340,36310,34780,36490,37320,37900,39120,40450,41590,43080,45320,48000,49040,
Georgia,GEO,"GNI per capita, PPP (current international $)",NY.GNP.PCAP.PP.CD,,,,,,,,,,,,,,,,,,,,,,,,,,,,,,,,,2580,1830,1700,1800,2160,2660,2890,3080,3140,3400,3660,4170,4610,5220,5980,6830,7100,6960,7430,8120,9720,10420,11420,11820,12260,12920,14040,15260,
Ghana,GHA,"GNI per capita, PPP (current international $)",NY.GNP.PCAP.PP.CD,,,,,,,,,,,,,,,,,,,,,,,,,,,,,,,1220,1290,1340,1390,1430,1480,1530,1580,1640,1690,1740,1810,1880,1960,2080,2220,2380,2490,2700,2780,2920,3270,3590,5150,5280,5050,4800,4860,5220,5530,
Gibraltar,GIB,"GNI per capita, PPP (current international $)",NY.GNP.PCAP.PP.CD,,,,,,,,,,,,,,,,,,,,,,,,,,,,,,,,,,,,,,,,,,,,,,,,,,,,,,,,,,,,,
Guinea,GIN,"GNI per capita, PPP (current international $)",NY.GNP.PCAP.PP.CD,,,,,,,,,,,,,,,,,,,,,,,,,,,,,,,850,880,910,960,1000,1040,1080,1120,1140,1180,1200,1240,1320,1280,1320,1350,1460,1560,1620,1560,1640,1710,1770,1720,1750,1790,2040,2410,2510,2650,
"Gambia, The",GMB,"GNI per capita, PPP (current international $)",NY.GNP.PCAP.PP.CD,,,,,,,,,,,,,,,,,,,,,,,,,,,,,,,1470,1530,1570,1610,1590,1600,1620,1650,1670,1740,1810,1900,1790,1920,2100,2050,2030,2090,2210,2300,2390,2170,2150,2080,1980,2020,2030,2030,2170,2280,
Guinea-Bissau,GNB,"GNI per capita, PPP (current international $)",NY.GNP.PCAP.PP.CD,,,,,,,,,,,,,,,,,,,,,,,,,,,,,,,990,1040,1050,1070,1110,1150,1280,1370,970,980,1040,1050,1060,1060,1090,1150,1190,1240,1260,1280,1330,1450,1360,1340,1430,1640,1790,1930,1990,2230,
Equatorial Guinea,GNQ,"GNI per capita, PPP (current international $)",NY.GNP.PCAP.PP.CD,,,,,,,,,,,,,,,,,,,,,,,,,,,,,,,690,700,940,1020,1020,1100,1750,4550,5020,6470,5890,6420,8230,7840,9850,14200,23340,26790,28460,24770,19350,22180,24910,23770,22910,18130,15850,16600,15750,14640,
Greece,GRC,"GNI per capita, PPP (current international $)",NY.GNP.PCAP.PP.CD,,,,,,,,,,,,,,,,,,,,,,,,,,,,,,,,,,,,,,,,,,,,,,,27980,28530,29940,29710,27320,24960,25120,25940,26810,26690,27330,28580,30250,31540,
Grenada,GRD,"GNI per capita, PPP (current international $)",NY.GNP.PCAP.PP.CD,,,,,,,,,,,,,,,,,,,,,,,,,,,,,,,4530,4840,4900,4810,4940,5040,5310,5630,6280,6760,7150,7010,7270,8110,8030,10070,9930,10650,10960,9950,10300,10660,10690,11470,11860,12530,13650,14710,15570,16080,
Greenland,GRL,"GNI per capita, PPP (current international $)",NY.GNP.PCAP.PP.CD,,,,,,,,,,,,,,,,,,,,,,,,,,,,,,,,,,,,,,,,,,,,,,,,,,,,,,,,,,,,,
Guatemala,GTM,"GNI per capita, PPP (current international $)",NY.GNP.PCAP.PP.CD,,,,,,,,,,,,,,,,,,,,,,,,,,,,,,,3280,3480,3630,3770,3910,4090,4160,4320,4500,4630,4780,4920,5020,5130,5310,5530,5860,6260,6520,6460,6560,6830,7170,7270,7560,8000,8040,8140,8470,8870,
Guam,GUM,"GNI per capita, PPP (current international $)",NY.GNP.PCAP.PP.CD,,,,,,,,,,,,,,,,,,,,,,,,,,,,,,,,,,,,,,,,,,,,,,,,,,,,,,,,,,,,,
Guyana,GUY,"GNI per capita, PPP (current international $)",NY.GNP.PCAP.PP.CD,,,,,,,,,,,,,,,,,,,,,,,,,,,,,,,2720,2820,3230,3700,4160,4480,5060,5430,5470,5700,5860,6110,6270,6390,6710,6820,7240,8180,8470,8830,9370,9960,10540,11100,11020,11260,11290,11980,12710,13540,
High income,HIC,"GNI per capita, PPP (current international $)",NY.GNP.PCAP.PP.CD,,,,,,,,,,,,,,,,,,,,,,,,,,,,,,,17960.41162,18739.17604,19477.60955,20059.35092,21030.99241,21912.53694,22909.91796,24012.32642,24898.52136,25898.61218,27603.52375,28521.43006,29369.16621,30349.52274,32113.4041,33754.75717,36095.66472,37692.34348,38515.58445,37584.25937,39186.86832,40930.92636,42221.04994,43553.85651,44827.60552,45538.28498,46699.91449,48702.01116,51431.52953,53065.51657,
"Hong Kong SAR, China",HKG,"GNI per capita, PPP (current international $)",NY.GNP.PCAP.PP.CD,,,,,,,,,,,,,,,,,,,,,,,,,,,,,,,17760,19150,20600,22930,24190,24950,24910,26620,25630,26420,28480,29490,29820,31960,35250,38260,42680,46640,49530,47250,50230,53710,52990,54710,55910,57450,58660,62450,65530,65730,
Honduras,HND,"GNI per capita, PPP (current international $)",NY.GNP.PCAP.PP.CD,,,,,,,,,,,,,,,,,,,,,,,,,,,,,,,1940,1870,1960,2120,2110,2220,2240,2340,2400,2370,2510,2560,2620,2700,2850,3060,3280,3550,3670,3510,3570,3710,3760,3840,4090,4490,4790,5220,5350,5530,
Heavily indebted poor countries (HIPC),HPC,"GNI per capita, PPP (current international $)",NY.GNP.PCAP.PP.CD,,,,,,,,,,,,,,,,,,,,,,,,,,,,,,,940.1436561,950.2938616,950.2972954,968.9429604,970.0864676,1007.519949,1062.847292,1103.197232,1128.648936,1148.728609,1171.319279,1208.77785,1237.182028,1277.770014,1348.090062,1437.262429,1523.841164,1628.836427,1711.754151,1759.492201,1843.707184,1906.497163,1952.744943,2073.777805,2211.998759,2320.16961,2353.220879,2427.356861,2515.053012,2599.083646,
Croatia,HRV,"GNI per capita, PPP (current international $)",NY.GNP.PCAP.PP.CD,,,,,,,,,,,,,,,,,,,,,,,,,,,,,,,,,,,,7980,8690,9450,9750,9660,10390,11310,12430,13090,14280,14930,16970,18870,20090,19260,19140,20130,20450,21380,21600,22860,24130,26490,29020,30660,
Haiti,HTI,"GNI per capita, PPP (current international $)",NY.GNP.PCAP.PP.CD,,,,,,,,,,,,,,,,,,,,,,,,,,,,,,,2050,2120,2010,1910,1690,1860,1940,1990,2020,2070,2100,2100,2110,2180,2180,2290,2370,2530,2600,2750,2630,2810,2770,2880,2910,2910,3040,2990,3070,3040,
Hungary,HUN,"GNI per capita, PPP (current international $)",NY.GNP.PCAP.PP.CD,,,,,,,,,,,,,,,,,,,,,,,,,,,,,,,,,,8190,8590,8780,8910,9220,9750,10170,11170,12450,13700,14600,15240,16000,17200,17600,19330,19790,20740,21900,22230,23810,24540,25570,27200,28400,31650,34020,
IBRD only,IBD,"GNI per capita, PPP (current international $)",NY.GNP.PCAP.PP.CD,,,,,,,,,,,,,,,,,,,,,,,,,,,,,,,2844.396254,2966.512328,3054.413019,3186.623639,3309.60871,3481.760445,3681.51195,3882.813261,3905.209104,4052.491042,4344.599297,4566.30276,4798.708176,5120.383693,5607.720432,6123.933312,6866.493628,7618.573677,8240.591983,8466.254659,9120.905998,9808.783667,10430.8177,10898.33215,11264.01596,11353.38457,11740.37385,12377.16257,13178.41563,13830.23963,
IDA & IBRD total,IBT,"GNI per capita, PPP (current international $)",NY.GNP.PCAP.PP.CD,,,,,,,,,,,,,,,,,,,,,,,,,,,,,,,2535.028789,2637.252654,2711.044216,2815.096357,2913.172005,3055.774364,3222.839607,3385.895342,3404.535302,3524.946882,3758.511954,3943.024102,4134.055424,4395.839202,4797.339234,5221.90593,5827.554281,6432.28197,6926.420618,7105.270549,7622.177291,8157.146779,8638.627171,9014.008696,9315.239707,9389.683815,9673.3343,10157.58364,10774.6596,11268.1052,
IDA total,IDA,"GNI per capita, PPP (current international $)",NY.GNP.PCAP.PP.CD,,,,,,,,,,,,,,,,,,,,,,,,,,,,,,,1271.552397,1306.070179,1339.863151,1345.739941,1361.833659,1407.918037,1469.330198,1506.526747,1535.690268,1579.004372,1619.03559,1697.525253,1770.478884,1850.95367,1986.259655,2132.450825,2311.948554,2466.342143,2587.444755,2673.371116,2803.216832,2903.982136,3006.881537,3167.730776,3350.358011,3462.228126,3512.447445,3626.448063,3797.091727,3936.772168,
IDA blend,IDB,"GNI per capita, PPP (current international $)",NY.GNP.PCAP.PP.CD,,,,,,,,,,,,,,,,,,,,,,,,,,,,,,,1877.175289,1937.778484,2013.446355,1983.273759,2009.292293,2058.523706,2140.445817,2166.985693,2187.008159,2243.250099,2267.166691,2383.590187,2508.901117,2625.956475,2840.713892,3037.268873,3315.773611,3491.82745,3623.35712,3730.00629,3887.268314,4052.533769,4140.207407,4294.176267,4532.266878,4606.266196,4593.022484,4689.422624,4858.576653,4957.108079,
Indonesia,IDN,"GNI per capita, PPP (current international $)",NY.GNP.PCAP.PP.CD,,,,,,,,,,,,,,,,,,,,,,,,,,,,,,,2930,3190,3410,3700,4050,4390,4760,4980,4200,4140,4430,4770,5040,5260,5550,5950,6420,6930,7440,7740,8280,8840,9440,9770,9930,9910,10160,10590,11310,11970,
IDA only,IDX,"GNI per capita, PPP (current international $)",NY.GNP.PCAP.PP.CD,,,,,,,,,,,,,,,,,,,,,,,,,,,,,,,952.3260644,972.6039888,983.6418177,1012.129556,1023.229964,1069.05965,1120.117735,1164.065089,1198.820542,1235.573992,1285.913338,1344.833955,1390.015667,1452.113243,1545.774756,1666.997957,1794.403964,1939.709892,2057.033537,2132.294939,2247.679148,2315.011324,2426.662999,2592.490949,2746.171807,2881.230306,2968.516433,3094.883005,3270.11291,3436.820607,
Isle of Man,IMN,"GNI per capita, PPP (current international $)",NY.GNP.PCAP.PP.CD,,,,,,,,,,,,,,,,,,,,,,,,,,,,,,,,,,,,,,,,,,,,,,,,,,,,,,,,,,,,,
India,IND,"GNI per capita, PPP (current international $)",NY.GNP.PCAP.PP.CD,,,,,,,,,,,,,,,,,,,,,,,,,,,,,,,1190,1210,1280,1350,1440,1560,1680,1740,1840,1990,2070,2190,2270,2450,2680,2930,3210,3510,3630,3890,4190,4450,4800,4990,5170,5400,5720,6120,6580,6920,
Not classified,INX,"GNI per capita, PPP (current international $)",NY.GNP.PCAP.PP.CD,,,,,,,,,,,,,,,,,,,,,,,,,,,,,,,,,,,,,,,,,,,,,,,,,,,,,,,,,,,,,
Ireland,IRL,"GNI per capita, PPP (current international $)",NY.GNP.PCAP.PP.CD,,,,,,,,,,,,,,,,,,,,,,,,,,,,,,,12750,13410,13900,14600,15780,17280,18780,20440,22480,23540,26310,27800,29520,31240,33380,35020,38760,40420,38350,34810,36310,36370,37290,40410,43110,53070,58670,61980,68090,71150,
"Iran, Islamic Rep.",IRN,"GNI per capita, PPP (current international $)",NY.GNP.PCAP.PP.CD,,,,,,,,,,,,,,,,,,,,,,,,,,,,,,,7240,8210,8470,8650,8470,8880,9150,9340,9620,9570,10300,10490,11310,12370,13050,13720,14710,16190,16380,16430,17390,18010,16060,15380,15280,13620,14050,14560,13880,12950,
Iraq,IRQ,"GNI per capita, PPP (current international $)",NY.GNP.PCAP.PP.CD,,,,,,,,,,,,,,,,,,,,,,,,,,,,,,,,2630,3490,4570,4700,4750,5200,6140,8120,9350,9520,9650,8770,5920,9130,8730,10100,10560,12180,12450,12840,13480,15220,15470,14190,10300,9810,10890,10830,11310,
Iceland,ISL,"GNI per capita, PPP (current international $)",NY.GNP.PCAP.PP.CD,,,,,,,,,,,,,,,,,,,,,,,,,,,,,,,21460,22040,21600,22130,23060,23510,24490,26450,28150,28980,28680,30820,32660,32410,34330,35470,36290,38740,34050,33610,32190,34550,36690,42100,43500,46470,50990,54100,57090,61240,
Israel,ISR,"GNI per capita, PPP (current international $)",NY.GNP.PCAP.PP.CD,,,,,,,,,,,,,,,,,,,,,,,,,,,,,,,14660,15530,16490,17110,18260,19440,20190,20730,21360,21660,23440,23940,24370,23030,24520,24640,25600,27460,26930,26830,28290,30080,30880,33460,34060,35170,37450,38760,41420,42700,
Italy,ITA,"GNI per capita, PPP (current international $)",NY.GNP.PCAP.PP.CD,,,,,,,,,,,,,,,,,,,,,,,,,,,,,,,18360,19230,19780,20100,20940,22070,22780,23760,24880,25550,26980,27960,28610,29030,29480,30180,32540,34130,35200,34610,35110,36510,36440,36250,36200,36640,40040,41940,44960,46110,
Jamaica,JAM,"GNI per capita, PPP (current international $)",NY.GNP.PCAP.PP.CD,,,,,,,,,,,,,,,,,,,,,,,,,,,,,,,4300,4610,4860,5670,5650,5890,6090,6030,5910,5990,6110,6220,6300,6640,6880,7100,7550,7830,7960,7530,7600,7870,8080,8240,8360,8520,8800,9320,9590,9940,
Jordan,JOR,"GNI per capita, PPP (current international $)",NY.GNP.PCAP.PP.CD,,,,,,,,,,,,,,,,,,,,,,,,,,,,,,,4160,4010,4520,4620,4750,4990,5020,5230,5410,5560,6010,6380,6660,6950,7630,8260,8880,9480,9740,9780,9390,9320,9080,9230,9080,9360,9380,9960,10220,10520,
Japan,JPN,"GNI per capita, PPP (current international $)",NY.GNP.PCAP.PP.CD,,,,,,,,,,,,,,,,,,,,,,,,,,,,,,,19710,21000,21640,21990,22590,23610,24800,25470,25380,25630,27220,27890,28560,29380,30920,32350,33960,35540,35710,34010,35890,36790,38190,40280,40590,41940,41310,42560,44370,45180,
Kazakhstan,KAZ,"GNI per capita, PPP (current international $)",NY.GNP.PCAP.PP.CD,,,,,,,,,,,,,,,,,,,,,,,,,,,,,,,,,,6850,6180,5880,6090,6380,6440,6640,7250,8540,9620,10540,11650,12580,13910,15240,15460,16030,16710,17790,19050,21900,22190,21760,21490,22160,22950,24080,
Kenya,KEN,"GNI per capita, PPP (current international $)",NY.GNP.PCAP.PP.CD,,,,,,,,,,,,,,,,,,,,,,,,,,,,,,,1430,1450,1430,1400,1440,1500,1560,1560,1590,1600,1600,1650,1650,1680,1760,1890,2010,2140,2140,2160,2300,2440,2520,2740,2980,3320,3580,3970,4240,4430,
Kyrgyz Republic,KGZ,"GNI per capita, PPP (current international $)",NY.GNP.PCAP.PP.CD,,,,,,,,,,,,,,,,,,,,,,,,,,,,,,,,2380,2080,1790,1440,1370,1470,1600,1610,1650,1750,1910,1930,2090,2230,2300,2460,2730,2910,2980,2890,2950,3530,3810,4100,4050,4440,4800,5100,5080,
Cambodia,KHM,"GNI per capita, PPP (current international $)",NY.GNP.PCAP.PP.CD,,,,,,,,,,,,,,,,,,,,,,,,,,,,,,,,,,,,780,810,840,860,950,1040,1120,1180,1290,1440,1640,1850,2080,2220,2200,2320,2490,2720,2920,3020,3180,3450,3680,3970,4320,
Kiribati,KIR,"GNI per capita, PPP (current international $)",NY.GNP.PCAP.PP.CD,,,,,,,,,,,,,,,,,,,,,,,,,,,,,,,1530,2050,2110,2060,2100,2230,1950,2360,2650,2400,2570,2710,2600,2500,2400,2470,2470,2570,2560,2410,2510,2430,2780,3160,3610,4340,3940,4280,4270,4650,
St. Kitts and Nevis,KNA,"GNI per capita, PPP (current international $)",NY.GNP.PCAP.PP.CD,,,,,,,,,,,,,,,,,,,,,,,,,,,,,,,9150,9140,9540,10300,10970,11790,12430,13300,13050,13480,15070,15970,16170,15390,16520,18730,20000,20590,22070,21160,21250,21950,20850,21770,22180,22240,23420,24120,25310,26360,
"Korea, Rep.",KOR,"GNI per capita, PPP (current international $)",NY.GNP.PCAP.PP.CD,,,,,,,,,,,,,,,,,,,,,,,,,,,,,,,8340,9460,10170,11010,12150,13450,14640,15630,14780,16620,18420,19580,21320,22010,23720,25010,26800,28980,29950,29480,31800,32750,33910,34460,35500,38020,39720,41280,43850,44390,
Kuwait,KWT,"GNI per capita, PPP (current international $)",NY.GNP.PCAP.PP.CD,,,,,,,,,,,,,,,,,,,,,,,,,,,,,,,,,,,,70690,70580,72520,72150,64330,66160,63800,62670,72850,83510,92860,100160,101360,96660,84620,80000,82740,87030,84000,76820,52460,49900,58770,58550,,
Latin America & Caribbean (excluding high income),LAC,"GNI per capita, PPP (current international $)",NY.GNP.PCAP.PP.CD,,,,,,,,,,,,,,,,,,,,,,,,,,,,,,,6051.770395,6410.773559,6625.872548,6796.642832,7106.576396,7251.052779,7490.232454,7880.495608,7981.167176,7951.173688,8372.867026,8472.614719,8476.706059,8680.285762,9272.816144,9866.05595,10776.39475,11583.88734,12212.47282,12008.08702,12693.29647,13514.04138,13769.50137,14255.03137,14557.88359,14356.92739,14557.07168,15165.53271,15532.75007,15930.16227,
Lao PDR,LAO,"GNI per capita, PPP (current international $)",NY.GNP.PCAP.PP.CD,,,,,,,,,,,,,,,,,,,,,,,,,,,,,,,1030,1080,1130,1190,1280,1370,1460,1520,1560,1700,1760,1870,1990,2070,2270,2510,2670,2970,3170,3440,3580,3870,4550,5000,5610,5890,6550,6870,7410,7980,
Lebanon,LBN,"GNI per capita, PPP (current international $)",NY.GNP.PCAP.PP.CD,,,,,,,,,,,,,,,,,,,,,,,,,,,,,,,4680,5810,6700,7070,7530,7960,8700,8750,8980,8970,9120,9110,8750,7670,9300,9860,10350,11870,13010,14010,14760,14580,14750,14880,14870,14910,15240,15940,15900,14920,
Liberia,LBR,"GNI per capita, PPP (current international $)",NY.GNP.PCAP.PP.CD,,,,,,,,,,,,,,,,,,,,,,,,,,,,,,,,,,,,,,,,,880,830,850,580,610,660,740,820,880,910,930,1040,1060,1210,1240,1180,1260,1380,1330,1320,
Libya,LBY,"GNI per capita, PPP (current international $)",NY.GNP.PCAP.PP.CD,,,,,,,,,,,,,,,,,,,,,,,,,,,,,,,,,,,,,,,,,,,17880,20410,20960,23840,26360,28240,29030,28690,29880,11500,23710,19740,14510,12740,11430,13690,15650,16130,
St. Lucia,LCA,"GNI per capita, PPP (current international $)",NY.GNP.PCAP.PP.CD,,,,,,,,,,,,,,,,,,,,,,,,,,,,,,,6130,6260,6900,6940,7150,7290,7590,7550,7990,8250,8330,8030,8230,8600,9290,9450,11120,11360,12000,11810,12080,13090,12770,13180,12920,12390,13410,14140,14700,15180,
Latin America & Caribbean,LCN,"GNI per capita, PPP (current international $)",NY.GNP.PCAP.PP.CD,,,,,,,,,,,,,,,,,,,,,,,,,,,,,,,6043.770709,6406.296499,6642.886925,6830.721004,7146.166874,7315.167985,7574.011981,7977.351656,8096.876945,8078.60973,8505.532363,8616.633743,8632.34612,8840.554784,9452.301518,10056.34033,11010.28498,11838.37408,12455.57211,12251.06142,12965.8848,13829.22259,14122.33408,14631.00499,14949.51607,14784.3817,15010.70749,15636.34497,16022.37158,16467.37404,
Least developed countries: UN classification,LDC,"GNI per capita, PPP (current international $)",NY.GNP.PCAP.PP.CD,,,,,,,,,,,,,,,,,,,,,,,,,,,,,,,853.8609811,883.5361942,859.1580862,886.6504776,896.9480718,964.1279669,1010.452506,1057.242476,1085.652432,1114.100574,1166.997056,1224.865003,1280.39459,1339.775359,1429.283606,1548.347847,1675.599508,1827.199872,1942.609623,2024.987999,2136.68299,2196.10049,2301.424039,2413.183013,2558.589113,2633.736998,2707.958524,2822.941879,2962.471219,3099.23873,
Low income,LIC,"GNI per capita, PPP (current international $)",NY.GNP.PCAP.PP.CD,,,,,,,,,,,,,,,,,,,,,,,,,,,,,,,914.2288566,923.7684783,909.6791403,929.0180003,920.8690134,958.5663729,1003.095323,1042.582264,1067.906962,1082.361132,1116.559407,1164.906035,1193.785132,1235.410345,1302.919224,1397.325425,1487.498359,1613.739717,1691.347525,1746.893493,1859.00867,1843.119407,1867.499119,1946.181472,2097.390272,2187.704751,2225.522821,2291.600813,2372.17227,2450.051682,
Liechtenstein,LIE,"GNI per capita, PPP (current international $)",NY.GNP.PCAP.PP.CD,,,,,,,,,,,,,,,,,,,,,,,,,,,,,,,,,,,,,,,,,,,,,,,,,,,,,,,,,,,,,
Sri Lanka,LKA,"GNI per capita, PPP (current international $)",NY.GNP.PCAP.PP.CD,,,,,,,,,,,,,,,,,,,,,,,,,,,,,,,2290,2450,2600,2820,3000,3180,3340,3600,3780,3970,4270,4270,4480,4820,5170,5610,6170,6730,7140,7470,8110,8920,10130,10600,11000,11270,11900,12250,12820,13260,
Lower middle income,LMC,"GNI per capita, PPP (current international $)",NY.GNP.PCAP.PP.CD,,,,,,,,,,,,,,,,,,,,,,,,,,,,,,,1709.668963,1737.061663,1770.301255,1787.642487,1830.551889,1918.977943,2022.237922,2094.718333,2182.024729,2296.816014,2391.232831,2521.255923,2627.266399,2800.548599,3034.332347,3274.00526,3564.497789,3858.375979,4028.966307,4179.980165,4442.75368,4677.505701,5002.044914,5225.899096,5397.774319,5574.448286,5797.962271,6080.593545,6463.726597,6761.197138,
Low & middle income,LMY,"GNI per capita, PPP (current international $)",NY.GNP.PCAP.PP.CD,,,,,,,,,,,,,,,,,,,,,,,,,,,,,,,2466.625684,2573.165201,2645.290619,2744.862496,2836.774931,2971.528393,3131.913439,3290.339481,3303.891773,3422.852372,3652.201449,3832.044231,4017.347028,4278.45519,4672.228357,5091.777183,5681.428122,6272.058394,6747.084718,6927.010581,7434.238673,7955.403991,8432.433674,8800.734076,9096.744038,9160.668201,9429.801582,9896.949776,10494.47081,10967.18605,
Lesotho,LSO,"GNI per capita, PPP (current international $)",NY.GNP.PCAP.PP.CD,,,,,,,,,,,,,,,,,,,,,,,,,,,,,,,1310,1350,1370,1360,1420,1430,1510,1550,1520,1560,1600,1920,1970,2090,2100,2140,2210,2650,2820,2800,2870,2930,2880,3120,3320,3480,3460,3150,3200,3330,
Late-demographic dividend,LTE,"GNI per capita, PPP (current international $)",NY.GNP.PCAP.PP.CD,,,,,,,,,,,,,,,,,,,,,,,,,,,,,,,2794.064395,2906.954386,2975.602748,3163.310469,3337.327697,3564.958176,3771.113436,3991.66139,4077.309712,4277.736976,4675.410314,4984.53695,5342.73334,5802.871174,6421.851026,7095.119994,8103.152704,9142.556098,10076.59388,10418.07132,11306.49083,12334.07285,13212.66187,13923.70356,14484.49606,14485.09937,14931.95033,15779.37726,16983.50591,18036.2683,
Lithuania,LTU,"GNI per capita, PPP (current international $)",NY.GNP.PCAP.PP.CD,,,,,,,,,,,,,,,,,,,,,,,,,,,,,,,,,,,,5910,6300,6930,7590,7630,8300,9310,10370,11760,12740,14300,16160,18350,20070,18540,19980,22220,23930,26130,27850,27790,29820,32650,36330,38630,
Luxembourg,LUX,"GNI per capita, PPP (current international $)",NY.GNP.PCAP.PP.CD,,,,,,,,,,,,,,,,,,,,,,,,,,,,,,,28710,32050,32770,33840,34100,37470,38760,41270,41720,46240,49060,50290,49690,48960,58660,63000,63430,72680,71610,55760,61800,63530,63710,63840,67290,67570,70450,72650,76650,79670,
Latvia,LVA,"GNI per capita, PPP (current international $)",NY.GNP.PCAP.PP.CD,,,,,,,,,,,,,,,,,,,,,,,,,,,,,,,,,,,,5540,5830,6530,7110,7330,8020,9060,10090,10970,11990,13730,15400,17640,19270,18160,17830,19860,21260,22760,23830,24840,26670,28670,31250,32550,
"Macao SAR, China",MAC,"GNI per capita, PPP (current international $)",NY.GNP.PCAP.PP.CD,,,,,,,,,,,,,,,,,,,,,,,,,,,,,,,27440,28620,32420,33910,35260,36000,35120,34830,32690,31050,32040,35680,38470,42010,51480,55420,60730,77400,71760,72610,88440,104120,113650,129400,132020,107640,107330,116080,123380,,
St. Martin (French part),MAF,"GNI per capita, PPP (current international $)",NY.GNP.PCAP.PP.CD,,,,,,,,,,,,,,,,,,,,,,,,,,,,,,,,,,,,,,,,,,,,,,,,,,,,,,,,,,,,,
Morocco,MAR,"GNI per capita, PPP (current international $)",NY.GNP.PCAP.PP.CD,,,,,,,,,,,,,,,,,,,,,,,,,,,,,,,2480,2690,2650,2640,2940,2790,3170,3130,3370,3410,3510,3810,3950,4220,4510,4770,5220,5500,5870,6020,6240,6600,6570,6820,6450,6890,6980,7170,7450,7680,
Monaco,MCO,"GNI per capita, PPP (current international $)",NY.GNP.PCAP.PP.CD,,,,,,,,,,,,,,,,,,,,,,,,,,,,,,,,,,,,,,,,,,,,,,,,,,,,,,,,,,,,,
Moldova,MDA,"GNI per capita, PPP (current international $)",NY.GNP.PCAP.PP.CD,,,,,,,,,,,,,,,,,,,,,,,,,,,,,,,,,,,,,3170,3280,3050,3030,3240,3600,4040,4470,5030,5590,5950,6170,6830,6230,6860,7390,8050,9170,9590,9790,11200,12320,13280,14330,
Madagascar,MDG,"GNI per capita, PPP (current international $)",NY.GNP.PCAP.PP.CD,,,,,,,,,,,,,,,,,,,,,,,,,,,,,,,1160,1080,1100,1120,1100,1110,1130,1160,1180,1220,1270,1340,1150,1250,1320,1370,1440,1550,1640,1530,1510,1530,1490,1490,1520,1500,1550,1540,1600,1660,
Maldives,MDV,"GNI per capita, PPP (current international $)",NY.GNP.PCAP.PP.CD,,,,,,,,,,,,,,,,,,,,,,,,,,,,,,,,,,,,5880,6340,6830,7310,7720,8060,7880,8380,9350,9970,8700,11040,10410,11690,10800,11180,12110,12400,13140,14460,15410,16000,16630,17460,18380,
Middle East & North Africa,MEA,"GNI per capita, PPP (current international $)",NY.GNP.PCAP.PP.CD,,,,,,,,,,,,,,,,,,,,,,,,,,,,,,,7895.071997,8661.97833,9091.533599,9338.336403,9403.347627,9643.81988,9937.694463,10228.87587,10759.88646,10814.06257,11415.23179,11648.87106,11720.54305,12302.49951,13414.99557,14151.36269,15225.21701,16173.06992,16840.198,16654.30801,17228.15859,17788.41711,18405.77071,18321.20988,18045.70503,16313.68937,15988.80305,16607.36315,16864.40983,16952.83037,
Mexico,MEX,"GNI per capita, PPP (current international $)",NY.GNP.PCAP.PP.CD,,,,,,,,,,,,,,,,,,,,,,,,,,,,,,,7870,8370,8750,8360,8800,8170,8770,9460,9910,10220,10850,10920,10990,11280,11910,12390,13600,14050,14710,14310,15080,16260,16830,16870,17610,17830,18810,19270,19800,20340,
Marshall Islands,MHL,"GNI per capita, PPP (current international $)",NY.GNP.PCAP.PP.CD,,,,,,,,,,,,,,,,,,,,,,,,,,,,,,,,,,,,3500,3060,2950,3070,3140,3250,3480,3510,3460,3540,3710,3740,3930,3710,3780,3970,3980,3780,4080,4290,4730,4690,4850,5090,,
Middle income,MIC,"GNI per capita, PPP (current international $)",NY.GNP.PCAP.PP.CD,,,,,,,,,,,,,,,,,,,,,,,,,,,,,,,2591.663674,2706.754106,2786.632584,2894.489634,2995.800422,3140.832071,3313.215007,3484.008054,3499.682243,3630.048243,3879.020726,4074.276932,4277.331544,4562.47762,4990.896601,5446.672836,6089.325721,6732.293937,7253.930975,7455.364641,8011.545205,8593.266696,9125.582497,9534.641623,9859.682054,9934.420313,10240.43477,10764.39064,11433.74975,11967.62166,
North Macedonia,MKD,"GNI per capita, PPP (current international $)",NY.GNP.PCAP.PP.CD,,,,,,,,,,,,,,,,,,,,,,,,,,,,,,,5460,5340,4990,4780,4840,4910,5030,5150,5360,5600,6020,5980,6230,6420,7040,7620,8550,8810,10290,10840,11130,11400,11580,12350,13120,13390,14480,15080,16480,17270,
Mali,MLI,"GNI per capita, PPP (current international $)",NY.GNP.PCAP.PP.CD,,,,,,,,,,,,,,,,,,,,,,,,,,,,,,,800,910,880,900,920,920,980,1020,1080,1130,1120,1240,1240,1370,1390,1480,1540,1580,1640,1650,1720,1760,1700,1750,1860,1990,2130,2170,2270,2350,
Malta,MLT,"GNI per capita, PPP (current international $)",NY.GNP.PCAP.PP.CD,,,,,,,,,,,,,,,,,,,,,,,,,,,,,,,10790,11410,11940,12530,13170,14170,14740,15620,16060,17170,17670,18630,19750,20820,21440,21630,22340,23780,26110,25260,27270,28290,28820,30690,32560,35380,35810,38180,42110,43970,
Myanmar,MMR,"GNI per capita, PPP (current international $)",NY.GNP.PCAP.PP.CD,,,,,,,,,,,,,,,,,,,,,,,,,,,,,,,430,430,480,510,560,600,640,680,720,800,920,1040,1170,1340,1550,1800,2080,2380,2660,2940,3240,3470,3580,3890,4080,4280,4370,4600,4970,5170,
Middle East & North Africa (excluding high income),MNA,"GNI per capita, PPP (current international $)",NY.GNP.PCAP.PP.CD,,,,,,,,,,,,,,,,,,,,,,,,,,,,,,,4720.345071,5078.153576,5317.954621,5481.873482,5523.690643,5706.626598,5962.538662,6186.984381,6603.536878,6812.08572,7188.996414,7431.037125,7645.064448,7847.545911,8543.700181,8965.733778,9676.406595,10437.95588,10904.76564,11039.05533,11471.61129,11381.20696,11702.80184,11575.87027,11244.33778,10573.13351,10546.23138,10832.16129,10926.19912,10937.28733,
Montenegro,MNE,"GNI per capita, PPP (current international $)",NY.GNP.PCAP.PP.CD,,,,,,,,,,,,,,,,,,,,,,,,,,,,,,,,,,,,,,,,,6310,7110,7500,7760,8240,8410,10620,12590,14020,13050,13550,14590,14100,15160,15580,16690,18360,20150,22490,24120,
Mongolia,MNG,"GNI per capita, PPP (current international $)",NY.GNP.PCAP.PP.CD,,,,,,,,,,,,,,,,,,,,,,,,,,,,,,,3290,3100,2800,2710,2840,3070,3200,3350,3510,3640,3710,3880,4080,4390,4940,5310,5910,6540,7090,6860,6970,8180,9440,9950,10160,9880,9860,9720,10950,11420,
Northern Mariana Islands,MNP,"GNI per capita, PPP (current international $)",NY.GNP.PCAP.PP.CD,,,,,,,,,,,,,,,,,,,,,,,,,,,,,,,,,,,,,,,,,,,,,,,,,,,,,,,,,,,,,
Mozambique,MOZ,"GNI per capita, PPP (current international $)",NY.GNP.PCAP.PP.CD,,,,,,,,,,,,,,,,,,,,,,,,,,,,,,,,300,270,300,310,310,350,390,420,470,460,510,510,590,640,670,710,780,830,890,930,1000,1030,1080,1130,1270,1330,1250,1290,1310,
Mauritania,MRT,"GNI per capita, PPP (current international $)",NY.GNP.PCAP.PP.CD,,,,,,,,,,,,,,,,,,,,,,,,,,,,,,,2560,2630,2660,2790,2690,2950,3250,3090,3140,3230,3070,2940,3100,3280,3420,3700,4210,4140,4120,4100,4040,4120,4140,4350,4130,4080,4610,5000,5140,5360,
Mauritius,MUS,"GNI per capita, PPP (current international $)",NY.GNP.PCAP.PP.CD,,,,,,,,,,,,,,,,,,,,,,,,,,,,,,,4900,5290,5700,6040,6290,6650,7040,7520,7970,8210,9000,9490,9720,10330,11030,11520,12500,13780,14600,14990,15560,16340,17570,19240,19920,20860,22390,23540,25470,26840,
Malawi,MWI,"GNI per capita, PPP (current international $)",NY.GNP.PCAP.PP.CD,,,,,,,,,,,,,,,,,,,,,,,,,,,,,,,460,510,480,540,480,570,620,640,650,660,670,640,640,670,710,740,780,860,910,960,1010,1050,1010,1080,1050,980,1020,1010,1040,1080,
Malaysia,MYS,"GNI per capita, PPP (current international $)",NY.GNP.PCAP.PP.CD,,,,,,,,,,,,,,,,,,,,,,,,,,,,,,,6530,7140,7730,8520,9270,10150,11090,11710,10690,11050,11870,12030,12720,13600,14650,15730,17040,18390,19110,18810,19860,21190,22140,22690,23790,24130,24840,25910,27350,28830,
North America,NAC,"GNI per capita, PPP (current international $)",NY.GNP.PCAP.PP.CD,,,,,,,,,,,,,,,,,,,,,,,,,,,,,,,23233.57058,23648.48636,24572.44935,25393.16582,26713.66775,27877.03301,29214.20543,30810.47746,32362.96811,33959.76875,36000.25075,36887.26803,37626.26195,38942.40045,41187.35435,43686.95935,46219.2207,47369.11532,47457.03159,46080.66382,47958.52006,49834.042,51969.9961,53286.30796,55560.02524,56900.688,57663.43651,59699.80316,62411.06723,64547.56263,
Namibia,NAM,"GNI per capita, PPP (current international $)",NY.GNP.PCAP.PP.CD,,,,,,,,,,,,,,,,,,,,,,,,,,,,,,,3720,4110,4280,4230,4280,4550,4590,4750,4900,4910,5270,5320,5670,6140,6710,6790,7420,7650,7880,7800,8060,8590,8970,9680,10340,10560,10170,9870,9860,9780,
New Caledonia,NCL,"GNI per capita, PPP (current international $)",NY.GNP.PCAP.PP.CD,,,,,,,,,,,,,,,,,,,,,,,,,,,,,,,,,,,,,,,,,,,,,,,,,,,,,,,,,,,,,
Niger,NER,"GNI per capita, PPP (current international $)",NY.GNP.PCAP.PP.CD,,,,,,,,,,,,,,,,,,,,,,,,,,,,,,,770,770,770,770,770,780,780,780,850,830,810,860,890,890,890,950,1000,1020,1070,1060,1120,1140,1200,1170,1190,1200,1190,1210,1280,1330,
Nigeria,NGA,"GNI per capita, PPP (current international $)",NY.GNP.PCAP.PP.CD,,,,,,,,,,,,,,,,,,,,,,,,,,,,,,,1940,1970,2030,1930,1920,1960,2040,2090,2090,2140,2090,2290,2590,2730,2990,3180,3610,3750,3970,4180,4450,4650,4740,4970,5320,5280,5120,5030,5040,5190,
Nicaragua,NIC,"GNI per capita, PPP (current international $)",NY.GNP.PCAP.PP.CD,,,,,,,,,,,,,,,,,,,,,,,,,,,,,,,1960,1790,1750,1770,1810,1990,2150,2270,2390,2550,2670,2750,2800,2890,3090,3310,3480,3720,3870,3710,3870,4150,4250,4390,4760,5090,5420,5690,5540,5440,
Netherlands,NLD,"GNI per capita, PPP (current international $)",NY.GNP.PCAP.PP.CD,,,,,,,,,,,,,,,,,,,,,,,,,,,,,,,19000,20040,20610,21370,22490,23750,24870,26260,27630,29670,32460,33040,34350,34480,35980,37110,41280,43870,45110,44150,45210,47250,48080,49910,49110,50330,51520,55680,60410,61520,
Norway,NOR,"GNI per capita, PPP (current international $)",NY.GNP.PCAP.PP.CD,,,,,,,,,,,,,,,,,,,,,,,,,,,,,,,17900,18920,20150,21050,22590,24010,26460,28300,27870,30300,36480,37820,38070,38770,42570,48300,54100,55710,61480,55770,58630,62730,65990,67770,68100,63010,61850,67110,74490,72920,
Nepal,NPL,"GNI per capita, PPP (current international $)",NY.GNP.PCAP.PP.CD,,,,,,,,,,,,,,,,,,,,,,,,,,,,,,,750,810,840,870,930,960,1000,1050,1070,1110,1190,1250,1250,1300,1380,1460,1540,1620,1740,1820,1910,2010,2190,2370,2640,2680,2620,3140,3360,3610,
Nauru,NRU,"GNI per capita, PPP (current international $)",NY.GNP.PCAP.PP.CD,,,,,,,,,,,,,,,,,,,,,,,,,,,,,,,,,,,,,,,,,,,,,,,,4930,5490,6320,7200,8160,8980,11650,13390,14960,14910,14930,15760,17820,
New Zealand,NZL,"GNI per capita, PPP (current international $)",NY.GNP.PCAP.PP.CD,,,,,,,,,,,,,,,,,,,,,,,,,,,,,,,14240,13580,13950,14810,15930,16780,17090,17990,18460,19350,20290,21360,22130,22820,23670,24020,25900,27290,27700,29440,29710,31260,31620,34800,35770,36220,38690,40670,43530,44090,
OECD members,OED,"GNI per capita, PPP (current international $)",NY.GNP.PCAP.PP.CD,,,,,,,,,,,,,,,,,,,,,,,,,,,,,,,16454.72826,17095.28351,17721.095,18188.85897,19019.04836,19760.45022,20686.5235,21710.55535,22347.94762,23219.31274,24730.21547,25492.99775,26233.66266,26971.89561,28450.85849,29850.10767,31917.55431,33262.2785,33958.56361,33138.05876,34570.39964,36107.03416,37226.04046,38466.46779,39702.11719,40759.95121,41976.07661,43657.49375,46044.54043,47386.05775,
Oman,OMN,"GNI per capita, PPP (current international $)",NY.GNP.PCAP.PP.CD,,,,,,,,,,,,,,,,,,,,,,,,,,,,,,,22410,23760,24750,25740,26290,27580,28430,30420,31490,31800,34410,36080,35670,35430,36300,36710,39380,40980,42490,42770,42680,40790,41890,40350,36570,30090,28010,27780,27350,26210,
Other small states,OSS,"GNI per capita, PPP (current international $)",NY.GNP.PCAP.PP.CD,,,,,,,,,,,,,,,,,,,,,,,,,,,,,,,,,,,,,,,,,10604.37441,11218.59014,11703.89609,12298.61954,13201.03707,13969.53185,16337.44659,18149.01817,19571.184,19299.33784,20606.86969,22581.75316,24025.08272,24538.23525,24412.69669,21191.74349,20663.2727,22158.50881,22690.63227,23166.09855,
Pakistan,PAK,"GNI per capita, PPP (current international $)",NY.GNP.PCAP.PP.CD,,,,,,,,,,,,,,,,,,,,,,,,,,,,,,,1890,1990,2130,2160,2220,2310,2400,2390,2400,2470,2560,2630,2670,2830,3060,3290,3510,3680,3730,3770,3820,3940,3960,4040,4170,4300,4330,4500,4770,4800,
Panama,PAN,"GNI per capita, PPP (current international $)",NY.GNP.PCAP.PP.CD,,,,,,,,,,,,,,,,,,,,,,,,,,,,,,,4870,5250,5770,6240,6500,6490,6770,7100,7530,7690,8040,8060,8490,8580,9150,9780,10740,12300,13510,13640,13960,15990,17410,19480,20900,23700,25840,28610,29400,30690,
Peru,PER,"GNI per capita, PPP (current international $)",NY.GNP.PCAP.PP.CD,,,,,,,,,,,,,,,,,,,,,,,,,,,,,,,3160,3390,3370,3550,3970,4260,4440,4730,4730,4790,4930,5040,5310,5520,5780,6200,6680,7410,8250,8390,9020,9700,10090,10710,10990,11180,11520,11930,12450,12790,
Philippines,PHL,"GNI per capita, PPP (current international $)",NY.GNP.PCAP.PP.CD,,,,,,,,,,,,,,,,,,,,,,,,,,,,,,,2620,2660,2700,2770,2920,3050,3240,3440,3680,3750,3760,3890,4010,4200,4500,4800,5090,5460,5730,5880,6260,6500,6990,7390,7760,8010,8560,9020,9650,10230,
Palau,PLW,"GNI per capita, PPP (current international $)",NY.GNP.PCAP.PP.CD,,,,,,,,,,,,,,,,,,,,,,,,,,,,,,,,,,,,,,,,,11010,11890,12350,11740,12380,13460,14140,15310,15140,14060,14580,16040,16760,16540,17690,19220,19490,18980,20350,19580,
Papua New Guinea,PNG,"GNI per capita, PPP (current international $)",NY.GNP.PCAP.PP.CD,,,,,,,,,,,,,,,,,,,,,,,,,,,,,,,1400,1560,1710,2020,2160,2100,2200,2140,2020,2020,2000,1970,1970,1950,2050,2230,2250,2490,2520,2590,2820,2780,3040,3050,3700,3900,4100,4200,4190,4360,
Poland,POL,"GNI per capita, PPP (current international $)",NY.GNP.PCAP.PP.CD,,,,,,,,,,,,,,,,,,,,,,,,,,,,,,,5850,5710,5910,6300,6860,7550,8190,8860,9410,9960,10630,11090,11760,12160,12920,13650,14810,16210,17980,18670,20340,22010,22860,23740,24520,25880,27210,28920,31620,33770,
Pre-demographic dividend,PRE,"GNI per capita, PPP (current international $)",NY.GNP.PCAP.PP.CD,,,,,,,,,,,,,,,,,,,,,,,,,,,,,,,1315.349359,1344.525488,1344.99972,1369.220513,1371.672479,1435.801899,1515.161616,1609.652861,1718.616236,1795.522262,1804.873623,1886.985474,1952.052831,1890.690278,2147.852924,2253.15935,2490.535667,2634.690824,2806.616124,2895.777315,3030.362557,3120.53288,3258.785598,3379.151438,3500.12118,3388.060602,3333.066812,3414.740431,3454.965946,3546.640755,
Puerto Rico,PRI,"GNI per capita, PPP (current international $)",NY.GNP.PCAP.PP.CD,,,,,,,,,,,,,,,,,,,,,,,,,,,,,,,9480,9960,10250,10830,11260,11840,12240,12970,13310,14430,15410,15840,16040,16470,18700,19180,19830,20690,20590,20160,20210,20840,21840,22320,22620,22900,23040,22940,23470,24300,
"Korea, Dem. Peoples Rep.",PRK,"GNI per capita, PPP (current international $)",NY.GNP.PCAP.PP.CD,,,,,,,,,,,,,,,,,,,,,,,,,,,,,,,,,,,,,,,,,,,,,,,,,,,,,,,,,,,,,
Portugal,PRT,"GNI per capita, PPP (current international $)",NY.GNP.PCAP.PP.CD,,,,,,,,,,,,,,,,,,,,,,,,,,,,,,,11740,12730,13230,13270,13580,14480,14970,15760,16640,17660,18580,19200,20050,20620,21190,22420,23950,24960,25770,25590,26410,26340,25810,27560,28150,28870,30840,32370,35150,37040,
Paraguay,PRY,"GNI per capita, PPP (current international $)",NY.GNP.PCAP.PP.CD,,,,,,,,,,,,,,,,,,,,,,,,,,,,,,,,,,,,6020,6430,6430,6380,6230,5820,5890,6040,5850,6260,6530,7180,8020,8680,8580,9520,10130,9590,10640,11010,11040,11550,12200,12720,12790,
West Bank and Gaza,PSE,"GNI per capita, PPP (current international $)",NY.GNP.PCAP.PP.CD,,,,,,,,,,,,,,,,,,,,,,,,,,,,,,,,,,,2470,2600,2540,2870,3340,3570,3100,2710,2310,2610,3150,3590,3600,3800,4030,4200,4360,4780,5610,5810,6090,6680,7080,7250,7580,7510,
Pacific island small states,PSS,"GNI per capita, PPP (current international $)",NY.GNP.PCAP.PP.CD,,,,,,,,,,,,,,,,,,,,,,,,,,,,,,,2869.375675,2903.49571,3084.431081,3175.534133,3326.092881,3527.786942,3659.234402,3615.072659,3656.263415,3875.096719,3983.612959,4005.167783,4143.042159,4208.931199,4462.641439,4661.818386,4682.036998,4830.279124,4919.41548,4895.18133,4976.384123,5171.679849,5361.809496,5771.012861,6335.10253,6727.482415,6851.021054,7065.016386,7418.494622,7393.336576,
Post-demographic dividend,PST,"GNI per capita, PPP (current international $)",NY.GNP.PCAP.PP.CD,,,,,,,,,,,,,,,,,,,,,,,,,,,,,,,17832.33432,18511.20501,19135.19345,19619.73244,20514.03088,21352.80263,22308.0457,23395.54864,24267.24149,25325.26084,27016.73735,27989.04454,28885.86768,29799.16164,31472.14476,33061.35765,35317.05063,36831.49711,37545.65541,36607.91424,38152.75053,39721.94806,40950.61138,42354.23299,43637.70615,44706.13163,46028.67883,47976.54178,50743.80596,52352.61285,
French Polynesia,PYF,"GNI per capita, PPP (current international $)",NY.GNP.PCAP.PP.CD,,,,,,,,,,,,,,,,,,,,,,,,,,,,,,,,,,,,,,,,,,,,,,,,,,,,,,,,,,,,,
Qatar,QAT,"GNI per capita, PPP (current international $)",NY.GNP.PCAP.PP.CD,,,,,,,,,,,,,,,,,,,,,,,,,,,,,,,,,,,,,,,,,89190,95060,98680,100940,105810,95760,114330,116350,117680,110640,118390,128340,132440,131020,123250,90920,82490,91500,91280,91670,
Romania,ROU,"GNI per capita, PPP (current international $)",NY.GNP.PCAP.PP.CD,,,,,,,,,,,,,,,,,,,,,,,,,,,,,,,5250,4790,4490,4660,4960,5380,5680,5510,5480,5530,5810,6490,7090,7380,8610,9320,11160,12990,16410,16430,16790,17670,18540,19490,20560,21380,23950,26840,29620,32860,
Russian Federation,RUS,"GNI per capita, PPP (current international $)",NY.GNP.PCAP.PP.CD,,,,,,,,,,,,,,,,,,,,,,,,,,,,,,,8010,7840,6800,6350,5710,5570,5440,5580,5230,5680,6650,7260,7880,8970,10010,11540,14480,16280,19600,18760,19860,22130,23560,25170,24910,23420,23450,25310,28040,28270,
Rwanda,RWA,"GNI per capita, PPP (current international $)",NY.GNP.PCAP.PP.CD,,,,,,,,,,,,,,,,,,,,,,,,,,,,,,,550,570,660,660,350,500,550,600,610,600,630,670,750,770,830,930,1020,1100,1220,1270,1340,1440,1470,1520,1670,1760,1840,1930,2070,2250,
South Asia,SAS,"GNI per capita, PPP (current international $)",NY.GNP.PCAP.PP.CD,,,,,,,,,,,,,,,,,,,,,,,,,,,,,,,1229.766442,1265.920506,1340.245125,1402.490137,1487.994368,1592.80734,1699.971342,1759.221544,1840.943571,1976.525432,2058.715947,2160.564456,2237.600486,2403.772008,2613.598704,2851.021842,3112.884941,3383.827154,3503.194597,3720.505184,3979.634232,4218.880407,4537.345015,4716.909893,4891.649423,5098.909987,5369.413646,5722.766999,6147.100461,6448.119881,
Saudi Arabia,SAU,"GNI per capita, PPP (current international $)",NY.GNP.PCAP.PP.CD,,,,,,,,,,,,,,,,,,,,,,,,,,,,,,,33310,37650,38540,38180,37710,38070,38390,38700,39860,38290,40070,39620,37930,41580,44900,47550,49050,50150,52960,50940,52220,56940,58220,56920,56940,49900,46590,48040,49230,49520,
Sudan,SDN,"GNI per capita, PPP (current international $)",NY.GNP.PCAP.PP.CD,,,,,,,,,,,,,,,,,,,,,,,,,,,,,,,1040,1050,1150,1230,1270,1340,1450,1600,1640,1650,1740,1850,1950,2060,2130,2290,2370,2760,2860,2960,2950,3430,3950,3990,4670,4970,4340,4200,3950,3990,
Senegal,SEN,"GNI per capita, PPP (current international $)",NY.GNP.PCAP.PP.CD,,,,,,,,,,,,,,,,,,,,,,,,,,,,,,,1440,1480,1500,1500,1480,1560,1600,1640,1720,1800,1860,1940,1930,2060,2190,2320,2390,2510,2600,2580,2640,2640,2720,2700,2780,2910,3000,3110,3310,3470,
Singapore,SGP,"GNI per capita, PPP (current international $)",NY.GNP.PCAP.PP.CD,,,,,,,,,,,,,,,,,,,,,,,,,,,,,,,23600,25170,27060,29450,33130,35380,36650,40100,38160,40460,43570,42850,44220,47460,51020,55400,62180,66820,65090,62720,74480,77300,78420,78530,81490,81040,83730,87740,90510,92270,
Solomon Islands,SLB,"GNI per capita, PPP (current international $)",NY.GNP.PCAP.PP.CD,,,,,,,,,,,,,,,,,,,,,,,,,,,,,,,1340,1410,1590,1670,1800,1960,1970,1930,1920,1850,1620,1500,1410,1500,1630,1730,1770,1800,1850,1880,2060,2160,2240,2460,2430,2400,2470,2610,2730,2750,
Sierra Leone,SLE,"GNI per capita, PPP (current international $)",NY.GNP.PCAP.PP.CD,,,,,,,,,,,,,,,,,,,,,,,,,,,,,,,690,750,600,660,620,630,670,640,630,630,670,620,770,820,860,890,930,1070,1150,1180,1150,1190,1450,1740,1750,1570,1420,1590,1580,1770,
El Salvador,SLV,"GNI per capita, PPP (current international $)",NY.GNP.PCAP.PP.CD,,,,,,,,,,,,,,,,,,,,,,,,,,,,,,,2840,2940,3200,3420,3630,3840,3890,4030,4150,4230,4350,4460,4550,4650,4790,5050,5440,5670,5930,5770,5950,6270,6270,6570,6900,7240,7620,7980,8330,8720,
San Marino,SMR,"GNI per capita, PPP (current international $)",NY.GNP.PCAP.PP.CD,,,,,,,,,,,,,,,,,,,,,,,,,,,,,,,,,,,,,,,,,,,,,,,,,,,,,,,,,,,,,
Somalia,SOM,"GNI per capita, PPP (current international $)",NY.GNP.PCAP.PP.CD,,,,,,,,,,,,,,,,,,,,,,,,,,,,,,,,,,,,,,,,,,,,,,,,,,,,,,,,,,,,,
Serbia,SRB,"GNI per capita, PPP (current international $)",NY.GNP.PCAP.PP.CD,,,,,,,,,,,,,,,,,,,,,,,,,,,,,,,,,,,,,,5720,6000,5540,6020,6490,7200,7590,8410,9070,10070,11010,12300,12350,12530,13450,13480,14060,14100,14240,14990,15570,17370,18440,
Sub-Saharan Africa (excluding high income),SSA,"GNI per capita, PPP (current international $)",NY.GNP.PCAP.PP.CD,,,,,,,,,,,,,,,,,,,,,,,,,,,,,,,1588.436001,1620.379571,1577.10937,1572.402642,1586.305422,1657.378592,1732.98631,1790.740952,1803.590963,1827.323612,1851.04211,1931.655069,2034.825257,2099.565493,2236.733189,2390.469,2590.058838,2737.858973,2853.364583,2914.285471,3040.245465,3142.247594,3195.646055,3358.589281,3537.126192,3582.923813,3570.427686,3615.575442,3686.96297,3771.885601,
South Sudan,SSD,"GNI per capita, PPP (current international $)",NY.GNP.PCAP.PP.CD,,,,,,,,,,,,,,,,,,,,,,,,,,,,,,,,,,,,,,,,,,,,,,,,,,,,1630,1460,1980,1280,1080,,,,,
Sub-Saharan Africa,SSF,"GNI per capita, PPP (current international $)",NY.GNP.PCAP.PP.CD,,,,,,,,,,,,,,,,,,,,,,,,,,,,,,,1596.176152,1628.799942,1586.475411,1582.436849,1596.68528,1668.085938,1744.19258,1802.759924,1816.328835,1840.306817,1865.207564,1946.298782,2049.305776,2114.675007,2252.55392,2406.657687,2607.288254,2756.516026,2872.599308,2933.541087,3059.777539,3162.348109,3216.959151,3381.4848,3560.222757,3606.619185,3595.548768,3641.541592,3714.659344,3800.545425,
Small states,SST,"GNI per capita, PPP (current international $)",NY.GNP.PCAP.PP.CD,,,,,,,,,,,,,,,,,,,,,,,,,,,,,,,,,,,,,,,,,9818.049023,10330.99036,10793.59805,11388.61138,12232.08518,12939.56629,14915.6472,16430.94636,17591.33104,17298.56492,18360.00334,19848.47719,21003.13293,21517.26081,21481.67487,19093.53593,18687.6142,19961.67471,20451.4296,20930.99085,
Sao Tome and Principe,STP,"GNI per capita, PPP (current international $)",NY.GNP.PCAP.PP.CD,,,,,,,,,,,,,,,,,,,,,,,,,,,,,,,,,,,,,,,,,,1770,1810,1950,2030,2200,2520,2620,2720,2730,2890,3010,2900,3350,3880,3830,3900,3940,4090,4130,
Suriname,SUR,"GNI per capita, PPP (current international $)",NY.GNP.PCAP.PP.CD,,,,,,,,,,,,,,,,,,,,,,,,,,,,,,,6600,6870,6940,6450,6740,6790,6860,7170,7340,7160,7340,7240,8020,8590,9430,10220,10980,11950,12630,12900,13230,13620,15170,16390,17030,16030,13440,14350,15120,15310,
Slovak Republic,SVK,"GNI per capita, PPP (current international $)",NY.GNP.PCAP.PP.CD,,,,,,,,,,,,,,,,,,,,,,,,,,,,,,,,,,,,8720,9470,10110,10640,10670,11340,12400,13280,13480,14630,16220,18360,20610,23320,22980,24690,25180,26510,27790,28670,29200,28890,29620,32110,32920,
Slovenia,SVN,"GNI per capita, PPP (current international $)",NY.GNP.PCAP.PP.CD,,,,,,,,,,,,,,,,,,,,,,,,,,,,,,,,,,,,13660,14310,15270,16030,17070,17970,18940,20060,20870,22420,23630,25360,26900,28830,27100,27480,28540,28590,29570,30590,30650,33080,35970,39500,41750,
Sweden,SWE,"GNI per capita, PPP (current international $)",NY.GNP.PCAP.PP.CD,,,,,,,,,,,,,,,,,,,,,,,,,,,,,,,19880,20040,19890,19710,21120,22410,23240,24150,25330,27430,29650,29960,31010,32320,34020,34710,38660,42080,43610,41250,43400,45520,46470,47350,48180,49500,50720,53000,56220,58060,
Eswatini,SWZ,"GNI per capita, PPP (current international $)",NY.GNP.PCAP.PP.CD,,,,,,,,,,,,,,,,,,,,,,,,,,,,,,,3700,3820,3950,3960,3860,4290,4600,4720,4620,4850,4810,5160,5110,5280,5710,6560,6770,7270,7320,7300,7380,7570,7730,8330,8420,8470,8240,7840,8130,8090,
Sint Maarten (Dutch part),SXM,"GNI per capita, PPP (current international $)",NY.GNP.PCAP.PP.CD,,,,,,,,,,,,,,,,,,,,,,,,,,,,,,,,,,,,,,,,,,,,,,,,,,31440,32950,36500,32540,32590,38380,37920,38220,37080,35400,,
Seychelles,SYC,"GNI per capita, PPP (current international $)",NY.GNP.PCAP.PP.CD,,,,,,,,,,,,,,,,,,,,,,,,,,,,,,,8650,9130,10040,10670,10690,10330,10980,12460,13220,13320,13540,13840,12820,12930,13940,15590,17200,17880,17210,17380,18350,19500,20350,21200,22430,22610,23720,25220,27330,29470,
Syrian Arab Republic,SYR,"GNI per capita, PPP (current international $)",NY.GNP.PCAP.PP.CD,,,,,,,,,,,,,,,,,,,,,,,,,,,,,,,,,,,,,,,,,,,,,,,,,,,,,,,,,,,,,
Turks and Caicos Islands,TCA,"GNI per capita, PPP (current international $)",NY.GNP.PCAP.PP.CD,,,,,,,,,,,,,,,,,,,,,,,,,,,,,,,,,,,,,,,,,,,,,,,,,,,,,,,22070,24140,26420,26630,28020,,
Chad,TCD,"GNI per capita, PPP (current international $)",NY.GNP.PCAP.PP.CD,,,,,,,,,,,,,,,,,,,,,,,,,,,,,,,690,760,810,660,730,740,740,760,810,780,760,830,870,840,1120,1310,1300,1370,1350,1570,1760,1750,1690,1500,1600,1760,1630,1570,1590,1620,
East Asia & Pacific (IDA & IBRD countries),TEA,"GNI per capita, PPP (current international $)",NY.GNP.PCAP.PP.CD,,,,,,,,,,,,,,,,,,,,,,,,,,,,,,,1435.290916,1574.740846,1750.938273,1957.292364,2186.532411,2396.159569,2624.649271,2818.391087,2829.857887,3000.430266,3269.187161,3536.741158,3847.362415,4221.488204,4681.260098,5213.4627,5916.480425,6764.628652,7433.613067,7934.971634,8736.280664,9558.187667,10398.53332,10944.34836,11535.01014,11824.77438,12349.82891,13046.38989,14079.53168,15116.82005,
Europe & Central Asia (IDA & IBRD countries),TEC,"GNI per capita, PPP (current international $)",NY.GNP.PCAP.PP.CD,,,,,,,,,,,,,,,,,,,,,,,,,,,,,,,6769.364306,6608.361883,6157.718692,6017.931735,5584.489621,5671.605162,5801.728374,6059.177505,5656.780954,5851.523534,6495.865349,6897.051931,7387.69313,8026.255196,8956.455534,9943.38886,11691.2307,13039.78252,14883.22232,14474.73585,15471.25824,16964.22215,17937.87739,19209.28563,19701.04612,19549.81057,20084.26566,21415.34749,23254.69861,23900.40456,
Togo,TGO,"GNI per capita, PPP (current international $)",NY.GNP.PCAP.PP.CD,,,,,,,,,,,,,,,,,,,,,,,,,,,,,,,820,820,790,670,740,810,890,1000,970,960,950,960,990,1050,1040,990,1020,1010,1050,1090,1140,1280,1230,1280,1340,1440,1470,1520,1600,1670,
Thailand,THA,"GNI per capita, PPP (current international $)",NY.GNP.PCAP.PP.CD,,,,,,,,,,,,,,,,,,,,,,,,,,,,,,,4260,4710,5120,5650,6170,6730,7120,6930,6330,6700,7160,7430,7890,8500,9190,9800,10610,11470,11800,11760,12640,13190,14190,14420,14680,15010,15840,16640,17630,18570,
Tajikistan,TJK,"GNI per capita, PPP (current international $)",NY.GNP.PCAP.PP.CD,,,,,,,,,,,,,,,,,,,,,,,,,,,,,,,2640,2480,1770,1490,1010,1000,800,860,900,940,1000,1100,1240,1360,1540,1960,2250,2540,2780,2640,2880,3180,3510,3980,4090,3570,3620,3610,3850,4110,
Turkmenistan,TKM,"GNI per capita, PPP (current international $)",NY.GNP.PCAP.PP.CD,,,,,,,,,,,,,,,,,,,,,,,,,,,,,,,,,,4470,3740,3410,3630,3270,3460,4000,4120,4420,4450,4680,4980,5420,6190,7210,8100,8460,8990,10200,10920,11630,12280,12890,13500,13620,14570,,
Latin America & the Caribbean (IDA & IBRD countries),TLA,"GNI per capita, PPP (current international $)",NY.GNP.PCAP.PP.CD,,,,,,,,,,,,,,,,,,,,,,,,,,,,,,,6058.738024,6422.915171,6660.109443,6844.488871,7159.295374,7322.538043,7579.054961,7982.752635,8098.940454,8068.901463,8491.914934,8599.920755,8612.912489,8819.307994,9421.262112,10028.66767,10987.41322,11818.4229,12441.67138,12237.42102,12959.16984,13827.46677,14118.71533,14630.11116,14949.63093,14778.98416,15005.35132,15636.13841,16022.21322,16463.66797,
Timor-Leste,TLS,"GNI per capita, PPP (current international $)",NY.GNP.PCAP.PP.CD,,,,,,,,,,,,,,,,,,,,,,,,,,,,,,,,,,,,,,,,,1780,1960,2220,1790,2060,2530,3840,5400,8350,6270,7410,9080,8700,7390,6270,5100,4230,4470,4490,4970,
Middle East & North Africa (IDA & IBRD countries),TMN,"GNI per capita, PPP (current international $)",NY.GNP.PCAP.PP.CD,,,,,,,,,,,,,,,,,,,,,,,,,,,,,,,4742.012598,5102.339864,5344.273768,5510.103427,5553.32498,5737.424929,5997.386569,6221.384572,6637.343929,6845.703236,7232.526672,7482.140784,7703.669381,7905.414482,8603.662729,9025.953156,9745.051075,10513.643,10983.80338,11118.37897,11554.70576,11458.72833,11774.58357,11644.0296,11305.21704,10618.54682,10586.45803,10873.93204,10965.15964,10977.62236,
Tonga,TON,"GNI per capita, PPP (current international $)",NY.GNP.PCAP.PP.CD,,,,,,,,,,,,,,,,,,,,,,,,,,,,,,,2280,2490,2530,2670,2970,3160,3280,3370,3540,3670,3700,3860,4150,4240,4250,4300,4480,4560,4840,4670,4760,5190,5380,5520,5680,5840,6230,6730,6970,7000,
South Asia (IDA & IBRD),TSA,"GNI per capita, PPP (current international $)",NY.GNP.PCAP.PP.CD,,,,,,,,,,,,,,,,,,,,,,,,,,,,,,,1229.766442,1265.920506,1340.245125,1402.490137,1487.994368,1592.80734,1699.971342,1759.221544,1840.943571,1976.525432,2058.715947,2160.564456,2237.600486,2403.772008,2613.598704,2851.021842,3112.884941,3383.827154,3503.194597,3720.505184,3979.634232,4218.880407,4537.345015,4716.909893,4891.649423,5098.909987,5369.413646,5722.766999,6147.100461,6448.119881,
Sub-Saharan Africa (IDA & IBRD countries),TSS,"GNI per capita, PPP (current international $)",NY.GNP.PCAP.PP.CD,,,,,,,,,,,,,,,,,,,,,,,,,,,,,,,1596.176152,1628.799942,1586.475411,1582.436849,1596.68528,1668.085938,1744.19258,1802.759924,1816.328835,1840.306817,1865.207564,1946.298782,2049.305776,2114.675007,2252.55392,2406.657687,2607.288254,2756.516026,2872.599308,2933.541087,3059.777539,3162.348109,3216.959151,3381.4848,3560.222757,3606.619185,3595.548768,3641.541592,3714.659344,3800.545425,
Trinidad and Tobago,TTO,"GNI per capita, PPP (current international $)",NY.GNP.PCAP.PP.CD,,,,,,,,,,,,,,,,,,,,,,,,,,,,,,,6510,6850,7680,7870,8170,8720,9320,10430,11510,12560,13430,14490,15950,18360,20910,22320,25850,27890,29280,27810,29040,27460,27390,28330,27850,27040,25910,26650,26160,27140,
Tunisia,TUN,"GNI per capita, PPP (current international $)",NY.GNP.PCAP.PP.CD,,,,,,,,,,,,,,,,,,,,,,,,,,,,,,,3500,3650,3920,3950,4110,4260,4550,4840,5090,5420,5710,6030,6160,6540,7060,7390,7980,8580,8980,9330,9680,9590,9790,9780,10070,9890,10060,10270,10650,10850,
Turkey,TUR,"GNI per capita, PPP (current international $)",NY.GNP.PCAP.PP.CD,,,,,,,,,,,,,,,,,,,,,,,,,,,,,,,8410,8620,9200,10020,9460,10230,10980,11820,9000,8650,9490,9050,9220,9520,10820,11880,13580,14830,16020,15430,17410,19630,20620,22240,23880,25460,26230,27650,28390,27660,
Tuvalu,TUV,"GNI per capita, PPP (current international $)",NY.GNP.PCAP.PP.CD,,,,,,,,,,,,,,,,,,,,,,,,,,,,,,,,,,,,,,,,,,4730,5830,4050,4460,4400,4410,5150,5120,5250,4680,4740,4050,5020,4420,5670,5650,5580,6090,6180,
Tanzania,TZA,"GNI per capita, PPP (current international $)",NY.GNP.PCAP.PP.CD,,,,,,,,,,,,,,,,,,,,,,,,,,,,,,,930,950,950,950,960,990,1040,1060,1090,1130,1180,1230,1320,1390,1490,1600,1730,1830,1920,1980,2050,2190,2070,2160,2210,2300,2420,2470,2570,2700,
Uganda,UGA,"GNI per capita, PPP (current international $)",NY.GNP.PCAP.PP.CD,,,,,,,,,,,,,,,,,,,,,,,,,,,,,,,660,700,710,770,810,900,970,1010,1040,1110,1120,1160,1250,1320,1390,1480,1640,1770,1910,1990,2050,2220,1970,1970,2040,2090,2050,2030,2110,2220,
Ukraine,UKR,"GNI per capita, PPP (current international $)",NY.GNP.PCAP.PP.CD,,,,,,,,,,,,,,,,,,,,,,,,,,,,,,,7470,7050,6350,5440,4370,3940,3640,3620,3600,3650,3980,4550,4930,5560,6460,6900,7650,8600,8980,7660,8120,8700,9190,10510,10620,10210,11320,12140,12950,13750,
Upper middle income,UMC,"GNI per capita, PPP (current international $)",NY.GNP.PCAP.PP.CD,,,,,,,,,,,,,,,,,,,,,,,,,,,,,,,3301.846777,3494.199891,3618.86769,3809.662582,3967.310106,4167.908961,4407.350608,4671.526202,4634.464992,4787.640492,5182.77133,5446.921715,5748.777165,6147.549939,6766.690318,7435.905703,8421.622088,9410.628215,10285.50894,10559.49096,11421.66075,12364.35697,13124.30881,13741.80831,14245.9003,14246.78037,14662.72529,15458.26245,16450.45958,17263.67729,
Uruguay,URY,"GNI per capita, PPP (current international $)",NY.GNP.PCAP.PP.CD,,,,,,,,,,,,,,,,,,,,,,,,,,,,,,,6170,6640,7320,7650,8300,8310,8890,9800,10290,10250,10230,10030,9480,9290,10000,11250,12130,13250,14320,14960,16190,17390,16880,18110,18820,19310,19650,20060,20590,21180,
United States,USA,"GNI per capita, PPP (current international $)",NY.GNP.PCAP.PP.CD,,,,,,,,,,,,,,,,,,,,,,,,,,,,,,,23640,24100,25090,25910,27250,28450,29870,31500,33120,34720,36800,37700,38430,39740,42060,44570,47160,48280,48290,46940,48900,50820,53120,54360,56730,58340,58970,61020,63780,66080,
Uzbekistan,UZB,"GNI per capita, PPP (current international $)",NY.GNP.PCAP.PP.CD,,,,,,,,,,,,,,,,,,,,,,,,,,,,,,,,,2220,2170,2060,2050,2080,2170,2260,2360,2450,2570,2690,2840,3120,3410,3710,4310,4790,4970,5140,5510,5730,5970,6250,6450,6530,6650,7130,7420,
St. Vincent and the Grenadines,VCT,"GNI per capita, PPP (current international $)",NY.GNP.PCAP.PP.CD,,,,,,,,,,,,,,,,,,,,,,,,,,,,,,,3570,3730,4110,4390,4390,4830,5040,5260,5530,5690,5920,6210,6700,7250,7680,8130,9130,9800,10150,10170,9960,10110,10400,10850,10850,11360,12370,12160,12640,12930,
"Venezuela, RB",VEN,"GNI per capita, PPP (current international $)",NY.GNP.PCAP.PP.CD,,,,,,,,,,,,,,,,,,,,,,,,,,,,,,,9450,10520,10960,11010,10700,11200,11160,11790,11740,11130,11610,11980,10750,9960,11830,13450,15140,16930,17760,16900,16530,17080,,,,,,,,,
British Virgin Islands,VGB,"GNI per capita, PPP (current international $)",NY.GNP.PCAP.PP.CD,,,,,,,,,,,,,,,,,,,,,,,,,,,,,,,,,,,,,,,,,,,,,,,,,,,,,,,,,,,,,
Virgin Islands (U.S.),VIR,"GNI per capita, PPP (current international $)",NY.GNP.PCAP.PP.CD,,,,,,,,,,,,,,,,,,,,,,,,,,,,,,,,,,,,,,,,,,,,,,,,,,,,,,,,,,,,,
Vietnam,VNM,"GNI per capita, PPP (current international $)",NY.GNP.PCAP.PP.CD,,,,,,,,,,,,,,,,,,,,,,,,,,,,,,,860,930,1030,1120,1240,1380,1500,1630,1720,1820,2120,2280,2430,2620,2880,2910,3160,3420,3650,3450,4050,4330,4840,5130,5470,5790,6300,6650,7290,7910,
Vanuatu,VUT,"GNI per capita, PPP (current international $)",NY.GNP.PCAP.PP.CD,,,,,,,,,,,,,,,,,,,,,,,,,,,,,,,1690,1550,1540,1540,1630,1670,1760,1870,2050,2080,2140,2140,1950,2010,2080,2170,2420,2550,2830,2780,2800,2840,2770,2960,3010,2960,3000,3080,3230,3320,
World,WLD,"GNI per capita, PPP (current international $)",NY.GNP.PCAP.PP.CD,,,,,,,,,,,,,,,,,,,,,,,,,,,,,,,5480.232443,5690.707151,5859.821389,6025.374235,6256.825631,6508.594211,6796.786492,7100.608183,7244.450573,7494.598181,7960.781726,8243.059389,8517.082022,8876.908183,9484.045126,10089.45206,10957.57054,11695.08332,12204.38777,12165.3963,12828.63351,13518.53084,14095.87162,14589.44608,15012.58044,15148.06667,15526.7081,16202.78184,17102.67034,17718.39146,
Samoa,WSM,"GNI per capita, PPP (current international $)",NY.GNP.PCAP.PP.CD,,,,,,,,,,,,,,,,,,,,,,,,,,,,,,,1690,1680,,,,,,,,,,,3720,3920,4210,4460,4680,5100,5210,5040,5200,5440,5290,5310,5350,5710,6180,6280,6240,6500,
Kosovo,XKX,"GNI per capita, PPP (current international $)",NY.GNP.PCAP.PP.CD,,,,,,,,,,,,,,,,,,,,,,,,,,,,,,,,,,,,,,,,,,,,,5540,6050,6490,7110,7560,7620,7900,8410,8740,9010,9230,9730,10180,10740,11350,12140,
"Yemen, Rep.",YEM,"GNI per capita, PPP (current international $)",NY.GNP.PCAP.PP.CD,,,,,,,,,,,,,,,,,,,,,,,,,,,,,,,2060,2090,2220,2260,2350,2370,2320,2400,2590,2550,2720,2840,2890,2930,3010,3190,3410,3520,3590,3750,3920,3350,3340,3520,,,,,,,
South Africa,ZAF,"GNI per capita, PPP (current international $)",NY.GNP.PCAP.PP.CD,,,,,,,,,,,,,,,,,,,,,,,,,,,,,,,6180,6240,6120,6200,6400,6590,6850,7020,7010,7170,7540,7740,8110,8380,8960,9600,10320,10870,11300,11150,11470,11860,11730,12120,12190,12240,12240,12320,12530,12670,
Zambia,ZMB,"GNI per capita, PPP (current international $)",NY.GNP.PCAP.PP.CD,,,,,,,,,,,,,,,,,,,,,,,,,,,,,,,1350,1320,1310,1430,1330,1360,1440,1480,1440,1510,1570,1660,1720,1840,1900,2020,2150,2280,2530,2850,2970,3160,3360,3430,3470,3360,3300,3330,3550,3560,
Zimbabwe,ZWE,"GNI per capita, PPP (current international $)",NY.GNP.PCAP.PP.CD,,,,,,,,,,,,,,,,,,,,,,,,,,,,,,,1740,1850,1680,1710,1870,1890,2110,2170,2220,2230,2190,2270,2110,1780,1710,1650,1620,1580,1290,1330,1610,1800,2070,2310,2360,2410,2560,2760,2990,2740,
