Country Name,Country Code,Series Name,Series Code,1990 [YR1990],1991 [YR1991],1992 [YR1992],1993 [YR1993],1994 [YR1994],1995 [YR1995],1996 [YR1996],1997 [YR1997],1998 [YR1998],1999 [YR1999],2000 [YR2000],2001 [YR2001],2002 [YR2002],2003 [YR2003],2004 [YR2004],2005 [YR2005],2006 [YR2006],2007 [YR2007],2008 [YR2008],2009 [YR2009],2010 [YR2010],2011 [YR2011],2012 [YR2012],2013 [YR2013],2014 [YR2014],2015 [YR2015],2016 [YR2016]
Afghanistan,AFG,"Total employment, total (ages 15+)",SL.EMP.TOTL,..,3062014,3358951,3564855,3828863,4228323,4266983,4377660,4478074,4591128,4740034,4957422,5419156,5735695,5980296,6378991,6487677,6697893,6743809,7043625,7159144,7457762,7881429,8286322,8734840,9193492,9618882
Albania,ALB,"Total employment, total (ages 15+)",SL.EMP.TOTL,..,1115397,1103796,1056370,1043688,1033693,1037080,1051155,1049752,1039118,1043704,1034794,1050567,1053869,1056414,1058291,1063701,1081808,1073591,1057915,1051676,1094029,1146944,1053747,1052702,1105349,1129074
Algeria,DZA,"Total employment, total (ages 15+)",SL.EMP.TOTL,..,5363479,5393082,5606495,5741095,5658066,5829734,6188025,6310830,6483934,6272066,6657622,6949845,7321734,8086520,8508797,8996561,9017737,9453083,9758014,10027744,10227664,10325539,10879749,10408373,10477364,10719466
American Samoa,ASM,"Total employment, total (ages 15+)",SL.EMP.TOTL,..,..,..,..,..,..,..,..,..,..,..,..,..,..,..,..,..,..,..,..,..,..,..,..,..,..,..
Andorra,AND,"Total employment, total (ages 15+)",SL.EMP.TOTL,..,..,..,..,..,..,..,..,..,..,..,..,..,..,..,..,..,..,..,..,..,..,..,..,..,..,..
Angola,AGO,"Total employment, total (ages 15+)",SL.EMP.TOTL,..,3872071,3999780,4140391,4274002,4405018,4529493,4662554,4801019,4953243,5118746,5289281,5473390,5686482,5897627,6300204,6711343,7147082,7612207,8112899,8633634,9195546,9535332,9888848,10254414,10629746,10954064
Antigua and Barbuda,ATG,"Total employment, total (ages 15+)",SL.EMP.TOTL,..,..,..,..,..,..,..,..,..,..,..,..,..,..,..,..,..,..,..,..,..,..,..,..,..,..,..
Arab World,ARB,"Total employment, total (ages 15+)",SL.EMP.TOTL,..,56049307,56965809,58667472,60719519,62635460,64583992,66519675,68069859,71277503,73054532,74563364,76294997,78630136,82074875,85346634,89151156,93300469,97156762,100602069,103474047,106084570,108582359,111714830,113450911,115845904,118372223
Argentina,ARG,"Total employment, total (ages 15+)",SL.EMP.TOTL,..,13021217,13230241,12984138,13003003,12173288,12671087,13322567,13936029,13909096,13984516,13798028,13530362,14559715,15218641,15708057,16243807,16558137,16698278,16876760,16901776,17502573,17620447,17885538,17859085,18145599,18049589
Armenia,ARM,"Total employment, total (ages 15+)",SL.EMP.TOTL,..,1421458,1397437,1314685,1264018,1234862,1184033,1154647,1168026,1142793,1144977,1153290,1159290,1167525,1178168,1201109,1212239,1155550,1096969,1077251,1118082,1145437,1158770,1185553,1164848,1142954,1149897
Aruba,ABW,"Total employment, total (ages 15+)",SL.EMP.TOTL,..,..,..,..,..,..,..,..,..,..,..,..,..,..,..,..,..,..,..,..,..,..,..,..,..,..,..
Australia,AUS,"Total employment, total (ages 15+)",SL.EMP.TOTL,..,7724118,7691963,7710769,7962951,8260637,8374713,8449768,8606224,8769506,9000011,9130132,9313349,9526327,9694754,10025798,10285250,10489033,10782922,10855772,11083392,11257438,11398465,11514815,11605597,11829352,12013120
Austria,AUT,"Total employment, total (ages 15+)",SL.EMP.TOTL,..,3493770,3563752,3573150,3692431,3694082,3631783,3627017,3645935,3705262,3716271,3731052,3780207,3801405,3664377,3790989,3860975,3960340,4035613,4031220,4070427,4108977,4140342,4159349,4164050,4205728,4262611
Azerbaijan,AZE,"Total employment, total (ages 15+)",SL.EMP.TOTL,..,2681547,2806188,2882861,2939415,2988864,2908267,2945161,2987406,3031075,3094565,3195416,3296898,3396092,3523351,3640943,3755421,3853684,4002264,4138874,4220343,4293946,4386176,4466824,4553124,4631663,4718271
"Bahamas, The",BHS,"Total employment, total (ages 15+)",SL.EMP.TOTL,..,113623,113825,120043,121827,128888,130006,134757,140494,143536,146769,151909,153128,154870,160970,166176,175556,179704,183991,176634,181583,184660,189658,188613,197388,204477,205544
Bahrain,BHR,"Total employment, total (ages 15+)",SL.EMP.TOTL,..,208091,215049,223349,232834,242604,248614,255790,264065,274682,288376,307936,323993,347135,376061,417885,467393,524333,585112,643720,706060,718171,731151,738694,749536,768625,806161
Bangladesh,BGD,"Total employment, total (ages 15+)",SL.EMP.TOTL,..,34838802,35879732,36978909,38154789,39406993,40726991,42000076,43316600,44669861,46042653,47278571,48514060,49411726,50626444,51872217,53173259,53898849,54588210,55023658,56871340,57745323,58628067,59359832,60414590,61467966,62539699
Barbados,BRB,"Total employment, total (ages 15+)",SL.EMP.TOTL,..,103937,105979,105337,108907,115430,121925,122749,126411,129359,131434,131773,132004,131829,135666,137317,138264,140608,140009,137206,135975,135845,133612,135521,130832,133417,137828
Belarus,BLR,"Total employment, total (ages 15+)",SL.EMP.TOTL,..,4642572,4660005,4674233,4683657,4691020,4690011,4691338,4697407,4713531,4758864,4795466,4828187,4860021,4890433,4918876,4935999,4961606,4991540,5021479,5033418,5066191,5075634,5085613,5088274,5088746,5075261
Belgium,BEL,"Total employment, total (ages 15+)",SL.EMP.TOTL,..,3755347,3803506,3769011,3761328,3803301,3799603,3840331,3858523,3989304,4120481,4041411,4049886,4045237,4136445,4226515,4252521,4370435,4433449,4409356,4482323,4523631,4542011,4550001,4559741,4576845,4612772
Belize,BLZ,"Total employment, total (ages 15+)",SL.EMP.TOTL,..,61005,61103,59558,59978,61014,62808,67045,69419,74341,79656,85075,87831,91271,94840,98354,105040,111165,116826,119741,123242,126877,130285,136976,139874,145144,153593
Benin,BEN,"Total employment, total (ages 15+)",SL.EMP.TOTL,..,1992334,2065134,2146838,2230492,2314855,2388010,2462129,2537794,2616116,2697857,2779421,2864168,2961094,3059615,3158992,3249620,3341138,3434227,3529902,3631833,3671569,3784817,3902659,4025051,4152478,4285454
Bermuda,BMU,"Total employment, total (ages 15+)",SL.EMP.TOTL,..,..,..,..,..,..,..,..,..,..,..,..,..,..,..,..,..,..,..,..,..,..,..,..,..,..,..
Bhutan,BTN,"Total employment, total (ages 15+)",SL.EMP.TOTL,..,189746,186361,182533,179213,177371,181357,187400,195347,204976,215339,229818,246291,263655,278667,292826,306142,316624,327627,337632,341042,341319,342087,350764,350671,371328,378315
Bolivia,BOL,"Total employment, total (ages 15+)",SL.EMP.TOTL,..,2663102,2740247,2803973,2973863,3045404,3083086,3281745,3348296,3383669,3458044,3527608,3634037,3764571,3898911,3979781,4120485,4127082,4345393,4432429,4544194,4652249,4574001,4688824,4951400,4708412,4829253
Bosnia and Herzegovina,BIH,"Total employment, total (ages 15+)",SL.EMP.TOTL,..,1425928,1368324,1296766,1221855,1171350,1166196,1144962,1127783,1110682,1102050,1090991,1086703,1079895,1076351,1067577,1051413,1085186,1169171,1154420,1100695,1081167,1059508,1052630,1035945,1042354,1056362
Botswana,BWA,"Total employment, total (ages 15+)",SL.EMP.TOTL,..,427267,429102,434276,433591,447964,458984,475739,489913,512496,534751,536559,533388,537874,567729,599117,643395,660340,677803,698876,668345,732898,791813,846724,867452,888896,904379
Brazil,BRA,"Total employment, total (ages 15+)",SL.EMP.TOTL,..,55482659,59430587,61388161,60156910,65078824,66357456,67599536,68618000,70006685,68512633,74025436,76730690,77856873,81024908,82448789,85113078,86350738,86635021,89334642,89164963,90609928,91141990,92583278,93892451,93667327,91229860
British Virgin Islands,VGB,"Total employment, total (ages 15+)",SL.EMP.TOTL,..,..,..,..,..,..,..,..,..,..,..,..,..,..,..,..,..,..,..,..,..,..,..,..,..,..,..
Brunei Darussalam,BRN,"Total employment, total (ages 15+)",SL.EMP.TOTL,..,108491,112209,116283,120500,125016,128962,133344,138016,142985,148274,151802,155435,159348,163452,167541,170019,172834,175791,178997,182407,186857,191303,195672,197512,200659,202738
Bulgaria,BGR,"Total employment, total (ages 15+)",SL.EMP.TOTL,..,3145711,3119690,3065996,3072340,3186204,3215788,3159666,3150192,3018413,2879556,2809849,2800210,2890138,2984382,2998214,3134068,3275633,3382261,3270310,3073833,2967396,2942222,2941556,2986047,3038650,3025336
Burkina Faso,BFA,"Total employment, total (ages 15+)",SL.EMP.TOTL,..,3858908,3938010,4021837,4111351,4206104,4290338,4382101,4478946,4575717,4676334,4765671,4861150,4959753,5035721,5111993,5302111,5361146,5450505,5541414,5631426,5710534,5791339,5871721,5946645,6144791,6353441
Burundi,BDI,"Total employment, total (ages 15+)",SL.EMP.TOTL,..,2547217,2559742,2572824,2584616,2595009,2600208,2603341,2609156,2632014,2668361,2754841,2856305,2969623,3089655,3212334,3332566,3455579,3579599,3703878,3827059,3922181,4019522,4119025,4215770,4354534,4499496
Cabo Verde,CPV,"Total employment, total (ages 15+)",SL.EMP.TOTL,..,102918,106080,109553,113155,116795,120253,123638,126996,130435,133994,138151,142324,146491,150554,154546,158759,162825,166942,171198,175437,179522,183837,188320,192836,197328,201634
Cambodia,KHM,"Total employment, total (ages 15+)",SL.EMP.TOTL,..,4088670,4195623,4301386,4416065,4560269,4702388,4794035,4899501,5214355,5441399,6048806,6208450,6328949,6391845,6671822,6967030,7294516,7601500,7878805,8118073,8290993,8463927,8621873,8796809,8951936,9107144
Cameroon,CMR,"Total employment, total (ages 15+)",SL.EMP.TOTL,..,4623781,4753076,4888112,5026046,5167411,5303023,5452540,5609240,5773903,5946191,6113707,6342473,6582622,6835656,7075218,7343460,7613229,7816662,8027307,8221778,8439714,8665416,8897859,9211701,9485068,9760969
Canada,CAN,"Total employment, total (ages 15+)",SL.EMP.TOTL,..,13280232,13133829,13183717,13428577,13624002,13732808,14039731,14399003,14774444,15126383,15301405,15646673,16047491,16319465,16536045,16779839,17170833,17433060,17148726,17388923,17627670,17859686,18125758,18246655,18369921,18531444
Cayman Islands,CYM,"Total employment, total (ages 15+)",SL.EMP.TOTL,..,..,..,..,..,..,..,..,..,..,..,..,..,..,..,..,..,..,..,..,..,..,..,..,..,..,..
Central African Republic,CAF,"Total employment, total (ages 15+)",SL.EMP.TOTL,..,1160251,1192122,1226314,1261439,1297163,1328670,1359080,1390219,1421908,1454834,1481919,1509507,1538219,1566336,1595583,1621840,1648755,1674623,1696797,1713895,1718419,1716744,1715429,1713007,1716220,1741267
Chad,TCD,"Total employment, total (ages 15+)",SL.EMP.TOTL,..,2197676,2260934,2329202,2399420,2476222,2551853,2633200,2720969,2816893,2919218,3021564,3133963,3251315,3371166,3496144,3617884,3741118,3869313,4003580,4142833,4289962,4441505,4601105,4765738,4936193,5098501
Channel Islands,CHI,"Total employment, total (ages 15+)",SL.EMP.TOTL,..,60665,61441,62555,63553,63363,63581,64182,64943,65814,66524,66790,67477,68460,68520,69377,69787,70311,69837,70005,71611,71242,71551,72047,72833,72975,73394
Chile,CHL,"Total employment, total (ages 15+)",SL.EMP.TOTL,..,4815570,5058577,5265126,5279373,5341960,5333132,5473140,5598622,5491417,5504900,5605302,5682529,5845281,6091721,6199363,6404364,6721277,6883776,6804737,7331269,7669113,7821153,7975235,8065175,8185330,8245663
China,CHN,"Total employment, total (ages 15+)",SL.EMP.TOTL,..,616468685,629243684,640005202,649810964,656858084,668305288,677013023,683272502,691165877,701559912,707117394,714397410,721949275,728106970,734632438,739560589,745081499,743504289,745981905,747197047,748604971,749420852,750070551,750444761,750830290,750458119
Colombia,COL,"Total employment, total (ages 15+)",SL.EMP.TOTL,..,10806632,11233325,11768597,12184222,12611480,12669249,13126840,13206341,12907273,13323860,14788651,15228107,16042607,16697452,17646525,18055008,18965173,19556913,19976445,20780902,21548686,22268345,22703617,23161976,23649996,23847712
Comoros,COM,"Total employment, total (ages 15+)",SL.EMP.TOTL,..,93549,96252,99230,102573,105697,108979,112142,115482,118895,122086,125531,129099,132815,136709,140771,144872,149282,153936,158723,163699,168697,173902,179264,184852,190640,196237
"Congo, Dem. Rep.",COD,"Total employment, total (ages 15+)",SL.EMP.TOTL,..,13612746,14153580,14722590,15267960,15773668,16197841,16594254,16975469,17384465,17843293,18324737,18851199,19421354,20027285,20665282,21304440,21981963,22696806,23450869,24231080,25017239,25840198,26696956,27587373,28515784,29465261
"Congo, Rep.",COG,"Total employment, total (ages 15+)",SL.EMP.TOTL,..,770413,793724,818990,846030,872822,899932,929597,959590,992417,1024045,1054726,1086370,1120918,1157341,1196063,1253452,1317051,1381431,1443923,1519321,1587488,1684334,1724144,1764000,1805877,1845069
Costa Rica,CRI,"Total employment, total (ages 15+)",SL.EMP.TOTL,..,1138165,1171821,1222580,1268300,1314367,1297522,1396511,1482676,1509146,1534125,1614032,1647003,1690153,1700356,1800826,1849141,1939817,1963602,1922838,1889840,1942077,1965957,2027567,2103162,2107187,2050492
Cote d'Ivoire,CIV,"Total employment, total (ages 15+)",SL.EMP.TOTL,..,4410994,4570731,4768994,4972009,5208773,5364016,5521996,5677248,5804018,5923444,5995561,6060082,6120784,6182351,6249063,6332755,6422948,6521008,6627846,6743139,6870426,7007240,7152835,7304221,7459478,7603266
Croatia,HRV,"Total employment, total (ages 15+)",SL.EMP.TOTL,..,1858137,1834215,1893572,1874268,1882934,1824994,1848819,1781593,1751166,1647796,1650685,1641803,1673684,1723107,1743674,1758855,1795553,1826849,1809751,1739202,1620532,1561745,1520929,1563580,1587252,1593103
Cuba,CUB,"Total employment, total (ages 15+)",SL.EMP.TOTL,..,3727489,3783876,3826970,3917489,3972794,4059236,4114154,4174509,4200557,4279235,4371116,4447697,4542413,4611772,4710968,4810918,4913402,4997761,5117991,5063656,5046673,5047285,5067005,5101727,5121202,5108302
Curacao,CUW,"Total employment, total (ages 15+)",SL.EMP.TOTL,..,..,..,..,..,..,..,..,..,..,..,..,..,..,..,..,..,..,..,..,..,..,..,..,..,..,..
Cyprus,CYP,"Total employment, total (ages 15+)",SL.EMP.TOTL,..,342336,352492,356768,369087,374666,378812,389912,398098,407533,422907,446619,459728,474186,487337,490595,507602,525279,537236,540116,548824,539536,519720,499509,507377,514188,532326
Czech Republic,CZE,"Total employment, total (ages 15+)",SL.EMP.TOTL,..,4866489,4858934,4859969,4917624,4951486,4956349,4915352,4851717,4743869,4701833,4722228,4773387,4741343,4704207,4769742,4815321,4910030,4976749,4900192,4859802,4881412,4901419,4952067,4997471,5066712,5174765
Denmark,DNK,"Total employment, total (ages 15+)",SL.EMP.TOTL,..,2613485,2617535,2552235,2557263,2628431,2642595,2702835,2702362,2730823,2734948,2735809,2767144,2715432,2747890,2760686,2816902,2819473,2861229,2775125,2711333,2706580,2692611,2691928,2715454,2750509,2837539
Djibouti,DJI,"Total employment, total (ages 15+)",SL.EMP.TOTL,..,196754,200120,202691,205291,208942,214916,221848,229459,237294,245032,251096,256986,262773,268547,274489,280732,287264,294058,301198,308633,316509,324714,333127,341609,350056,357771
Dominica,DMA,"Total employment, total (ages 15+)",SL.EMP.TOTL,..,..,..,..,..,..,..,..,..,..,..,..,..,..,..,..,..,..,..,..,..,..,..,..,..,..,..
Dominican Republic,DOM,"Total employment, total (ages 15+)",SL.EMP.TOTL,..,2665404,2761890,2826843,2882057,2962770,3037618,3123107,3195853,3271539,3343448,3415680,3500469,3556908,3640867,3745283,3866532,3973815,3982567,3941174,4116043,4250013,4313920,4368514,4502265,4626874,4729424
East Asia & Pacific,EAS,"Total employment, total (ages 15+)",SL.EMP.TOTL,..,928440640,948756848,964839437,980803798,994375205,1012667736,1027315831,1037239497,1050773104,1068316994,1079769382,1091994679,1104390310,1115321764,1126421462,1137291813,1148879828,1153702194,1161394162,1169322814,1178249418,1185181571,1191031133,1197829877,1199958570,1206057910
East Asia & Pacific (excluding high income),EAP,"Total employment, total (ages 15+)",SL.EMP.TOTL,..,822679229,841668666,857258429,871946295,884171994,901281330,914618320,925952382,939382105,955695703,966775036,978785395,990903737,1000806658,1010840443,1020456541,1030556663,1034736266,1043503775,1050764506,1058919426,1065062898,1069613114,1074930112,1075874765,1080815778
Ecuador,ECU,"Total employment, total (ages 15+)",SL.EMP.TOTL,..,3907176,3906849,4063488,4260049,4411851,4373507,4562054,4732412,4682307,5094539,5105397,5310131,5375162,5698108,5898169,6137483,6308329,6280091,6386737,6455726,6558942,6779084,6867225,6956522,7351542,7634296
"Egypt, Arab Rep.",EGY,"Total employment, total (ages 15+)",SL.EMP.TOTL,..,14634645,15085204,15168907,15880383,15853351,16557823,16941117,17266214,18370460,18613019,18895076,19083903,19643592,20590059,21157055,22034844,23510594,24297690,24849220,24826068,25123908,25462743,25920034,26046764,26152806,26687553
El Salvador,SLV,"Total employment, total (ages 15+)",SL.EMP.TOTL,..,1817932,1857311,1880521,1989838,2001094,1983645,1997066,2103407,2128536,2127138,2132558,2164893,2228806,2210300,2223772,2288739,2342567,2382273,2372085,2458564,2519705,2581076,2640416,2647358,2668358,2676062
Equatorial Guinea,GNQ,"Total employment, total (ages 15+)",SL.EMP.TOTL,..,145454,149850,154930,160489,166683,171867,176596,184071,192252,201352,207973,217087,227571,237924,250406,262395,275278,289412,306279,325360,339784,355254,373606,392872,414235,427095
Eritrea,ERI,"Total employment, total (ages 15+)",SL.EMP.TOTL,..,1313233,1296348,1274411,1255428,1244288,1263427,1290017,1325067,1367239,1414748,1472429,1535065,1602065,1667843,1729146,1775529,1816763,1855630,1890605,1926297,1963326,..,..,..,..,..
Estonia,EST,"Total employment, total (ages 15+)",SL.EMP.TOTL,..,755739,723920,684319,662745,636303,625116,623347,616001,595768,588538,581202,589007,601277,608737,619718,652443,660261,659792,596934,569680,602986,616109,622174,626376,643699,647190
Eswatini,SWZ,"Total employment, total (ages 15+)",SL.EMP.TOTL,..,194273,199640,204755,209916,215310,220496,224716,231074,237240,242990,247237,250795,254031,257598,261942,267807,252616,259984,268073,276580,285711,295399,305424,315583,325714,334630
Ethiopia,ETH,"Total employment, total (ages 15+)",SL.EMP.TOTL,..,20163347,20867025,21595339,22358498,23061586,23662715,24264852,24853601,25440433,26619275,27768863,29006719,30304529,31630565,33038864,34052173,35109291,36227219,37418134,38674489,40025222,41431983,42945873,44345489,45776781,47132396
Euro area,EMU,"Total employment, total (ages 15+)",SL.EMP.TOTL,..,129352968,128077293,125981061,125169456,125891877,126467595,127353352,129093824,131568985,134108456,136067616,137550896,138993973,139876514,142193638,144700735,147549421,148876616,145982281,145243914,144706613,143698054,142999161,143780221,145329111,147491964
Europe & Central Asia,ECS,"Total employment, total (ages 15+)",SL.EMP.TOTL,..,361037174,360237968,354346133,351118423,351112434,350246314,348717189,349052176,354819794,359701183,362038052,364274922,366069236,368596886,373952436,379067139,386213937,390317615,384806664,386604594,389294991,390668795,391845177,394527265,398468924,403033600
Europe & Central Asia (excluding high income),ECA,"Total employment, total (ages 15+)",SL.EMP.TOTL,..,165939991,167149157,164389729,162109108,160913506,159176617,156151477,154111591,157363310,159894165,159972211,160810531,160845305,162117939,164173611,165730535,168669928,170186938,168306725,171065820,174006921,175872118,177162095,177489256,178745638,179916205
European Union,EUU,"Total employment, total (ages 15+)",SL.EMP.TOTL,..,203478339,201473179,198368615,197492166,198770502,199382352,200972633,203032007,205292322,207318296,209151383,209289679,211012331,212213179,215274868,218955305,223059515,225425229,221464750,220499096,219824259,219287509,219036492,221383147,223945936,227193485
Faroe Islands,FRO,"Total employment, total (ages 15+)",SL.EMP.TOTL,..,..,..,..,..,..,..,..,..,..,..,..,..,..,..,..,..,..,..,..,..,..,..,..,..,..,..
Fiji,FJI,"Total employment, total (ages 15+)",SL.EMP.TOTL,..,257795,262808,266158,271300,277417,279151,280104,280453,280038,279744,282898,285142,288347,302383,305839,299353,293856,300219,308668,315588,321014,326730,337302,347683,349149,351193
Finland,FIN,"Total employment, total (ages 15+)",SL.EMP.TOTL,..,2413681,2242675,2107279,2084669,2054303,2074866,2129063,2189176,2266270,2298226,2339837,2350064,2346484,2341143,2407646,2455625,2506054,2545303,2467440,2454394,2482641,2491760,2465344,2455848,2442256,2450198
France,FRA,"Total employment, total (ages 15+)",SL.EMP.TOTL,..,23605603,23498248,23304906,23026367,23339418,23485558,23405095,23694903,23996942,24671051,25185987,25476132,26102245,26107354,26486588,26632198,27081565,27445995,27164131,27212491,27226452,27263437,27232333,27101306,27117569,27269447
French Polynesia,PYF,"Total employment, total (ages 15+)",SL.EMP.TOTL,..,66509,68228,70144,71844,73598,75933,78139,80290,82386,84428,86195,87427,89014,90525,92042,93545,95050,94480,93614,92316,91114,89942,90657,91337,91987,93147
Gabon,GAB,"Total employment, total (ages 15+)",SL.EMP.TOTL,..,221418,226831,232347,238404,244774,251540,258650,266338,275386,284524,293647,303715,314529,326512,338025,349650,361443,375172,389639,404975,423176,442729,463127,483645,503753,521236
"Gambia, The",GMB,"Total employment, total (ages 15+)",SL.EMP.TOTL,..,265882,273639,281113,289336,298112,306108,314978,324696,335391,346969,357959,370120,382998,396680,411075,424848,439395,454757,471007,488124,505246,523013,540135,558158,576693,595214
Georgia,GEO,"Total employment, total (ages 15+)",SL.EMP.TOTL,..,2185631,2234132,2262716,2241575,2119615,2008496,1956181,1935862,1940439,1936607,2001213,1906867,1959517,1885936,1843353,1834288,1827028,1747018,1724947,1746999,1778288,1786897,1756454,1787103,1812078,1795479
Germany,DEU,"Total employment, total (ages 15+)",SL.EMP.TOTL,..,37907380,37362602,36615189,36433698,36545170,36304500,36095109,36151987,36721957,37064698,37202111,37023465,36681517,36208594,36652145,37344098,38261102,38745038,38709432,39087504,39272960,39558491,39996355,40342949,40804397,41510409
Ghana,GHA,"Total employment, total (ages 15+)",SL.EMP.TOTL,..,6093243,6281655,6433174,6585875,6736303,6876232,7014086,7162331,7202304,7380100,7699850,8043265,8407712,8788730,9184140,9590963,9851707,10117200,10391883,10678266,11093538,11522331,12039476,12353153,12672105,12972923
Gibraltar,GIB,"Total employment, total (ages 15+)",SL.EMP.TOTL,..,..,..,..,..,..,..,..,..,..,..,..,..,..,..,..,..,..,..,..,..,..,..,..,..,..,..
Greece,GRC,"Total employment, total (ages 15+)",SL.EMP.TOTL,..,3844497,3945201,3946718,4033384,4107511,4167750,4194025,4251664,4268110,4326873,4313288,4384651,4455835,4491725,4505353,4593738,4629468,4673477,4630724,4493803,4175216,3808204,3616326,3621580,3686547,3751523
Greenland,GRL,"Total employment, total (ages 15+)",SL.EMP.TOTL,..,..,..,..,..,..,..,..,..,..,..,..,..,..,..,..,..,..,..,..,..,..,..,..,..,..,..
Grenada,GRD,"Total employment, total (ages 15+)",SL.EMP.TOTL,..,..,..,..,..,..,..,..,..,..,..,..,..,..,..,..,..,..,..,..,..,..,..,..,..,..,..
Guam,GUM,"Total employment, total (ages 15+)",SL.EMP.TOTL,..,64585,65659,65718,65180,65878,66398,66123,68194,64288,63772,65797,67156,68844,70161,70779,70576,69990,69758,69822,70903,67169,68254,69082,72485,73474,75267
Guatemala,GTM,"Total employment, total (ages 15+)",SL.EMP.TOTL,..,3101285,3189345,3273451,3365041,3465639,3559418,3667939,3784155,3898437,4029314,4160161,4208907,4324694,4474629,4785207,5104156,5157418,5232560,5305616,5355072,5423145,6101748,5779347,6037578,6198649,6425960
Guinea,GIN,"Total employment, total (ages 15+)",SL.EMP.TOTL,..,2237443,2367993,2505308,2636169,2750792,2835250,2901342,2956181,3007823,3063119,3115876,3171178,3231697,3296383,3365029,3435046,3512856,3593249,3680339,3770022,3857676,3949150,4046025,4150423,4261649,4374968
Guinea-Bissau,GNB,"Total employment, total (ages 15+)",SL.EMP.TOTL,..,383838,393021,402471,412082,421707,428746,435914,444017,451810,460547,471007,482484,494729,507694,521313,534980,549461,564807,581020,598068,615019,633540,652626,672314,692197,711942
Guyana,GUY,"Total employment, total (ages 15+)",SL.EMP.TOTL,..,249201,253342,256315,256001,252229,253672,251209,243102,244980,238795,239853,237244,235745,237928,235928,241792,245961,245240,248805,252108,256866,260674,265476,269002,272981,277179
Haiti,HTI,"Total employment, total (ages 15+)",SL.EMP.TOTL,..,2556347,2590034,2629259,2669963,2746406,2788094,2836154,2888678,2945510,2957137,2984649,3022998,3062427,3080852,3146262,3190350,3252171,3347943,3482761,3550275,3740876,3822200,3934336,4029775,4120875,4218960
Heavily indebted poor countries (HIPC),HPC,"Total employment, total (ages 15+)",SL.EMP.TOTL,..,133469807,137756522,141840506,146360918,151003419,154935320,159265725,163604084,167910669,173011917,178242052,184380153,190429361,196627664,203381360,209526575,215822901,222504558,229446758,236311166,243980777,251953013,260633475,269160213,277319186,285864268
High income,HIC,"Total employment, total (ages 15+)",SL.EMP.TOTL,..,465094884,465459141,465487445,469913588,475543150,480594597,487799954,492782948,498362282,505166352,508219835,509677082,514286172,520446543,529210768,538791631,548298650,553573084,544641639,545981851,550201562,555009707,559750234,567508060,575482689,583426964
Honduras,HND,"Total employment, total (ages 15+)",SL.EMP.TOTL,..,1739350,1831171,1898771,1965050,2036263,2086777,2190911,2258406,2350678,2379422,2402039,2436185,2437183,2446785,2531671,2728984,2862950,2993976,3121436,3204156,3220905,3255189,3456744,3622811,3887288,4007041
"Hong Kong SAR, China",HKG,"Total employment, total (ages 15+)",SL.EMP.TOTL,..,2867711,2857899,2893765,2964187,3001963,3143235,3191094,3154410,3141014,3225932,3265030,3242122,3215402,3294347,3354981,3424554,3505256,3533984,3488998,3499093,3595152,3689649,3749404,3777293,3809376,3816956
Hungary,HUN,"Total employment, total (ages 15+)",SL.EMP.TOTL,..,4072131,4079815,3855043,3794742,3757348,3671007,3650656,3702898,3852440,3887630,3912179,3917409,3977032,3957059,3966132,3982229,3969630,3925817,3831452,3819375,3839949,3888166,3953115,4175810,4301832,4446630
Iceland,ISL,"Total employment, total (ages 15+)",SL.EMP.TOTL,..,140260,141452,140117,141480,147038,148177,147961,153997,160445,165952,168428,166051,165237,166115,170501,176582,183109,184354,174131,174410,174693,177909,182890,189042,194952,201973
India,IND,"Total employment, total (ages 15+)",SL.EMP.TOTL,..,322457613,330588722,338675554,347763564,354544513,360950150,367018404,374193286,381553256,388009195,398967891,409857630,422043768,433679454,445661145,447379642,449116031,449697278,452204952,453945418,456968822,459535976,469078361,478059189,486249129,494794795
Indonesia,IDN,"Total employment, total (ages 15+)",SL.EMP.TOTL,..,74031361,76863470,78673169,80529280,82430547,84423294,86023950,88504681,90777104,92999424,94879180,95997453,97653234,98523458,98842235,100826718,102030336,104653603,107903091,110425426,112560339,114830162,116371423,118079589,117052769,120218743
"Iran, Islamic Rep.",IRN,"Total employment, total (ages 15+)",SL.EMP.TOTL,..,12793246,13091863,13334131,13613702,13890336,14241294,14715452,15183308,15716077,16196737,17081599,18398731,19560538,21051233,21704804,21937188,22087686,21447573,21689931,21302612,21684342,21788161,22301505,22322412,23068436,23788519
Iraq,IRQ,"Total employment, total (ages 15+)",SL.EMP.TOTL,..,3408541,3362130,3462509,3745202,3927039,3890436,4092488,4180304,4350811,4614093,4754377,4895068,4816926,4957528,5474428,5858905,6272092,6733444,7092699,7459231,7971656,8161337,8489556,8892404,9212813,9420452
Ireland,IRL,"Total employment, total (ages 15+)",SL.EMP.TOTL,..,1161597,1168429,1190043,1236079,1295649,1343925,1406313,1517254,1616966,1699114,1751352,1790142,1828701,1881749,1986307,2063084,2137058,2124913,1970381,1905092,1871451,1863361,1912645,1953013,2008274,2070876
Isle of Man,IMN,"Total employment, total (ages 15+)",SL.EMP.TOTL,..,..,..,..,..,..,..,..,..,..,..,..,..,..,..,..,..,..,..,..,..,..,..,..,..,..,..
Israel,ISR,"Total employment, total (ages 15+)",SL.EMP.TOTL,..,1753586,1826171,1960251,2115774,2221021,2270505,2284299,2304069,2370594,2461150,2500172,2491847,2535290,2618506,2735475,2830948,2955393,3070447,3086014,3198339,3289968,3391651,3482982,3581319,3673470,3767196
Italy,ITA,"Total employment, total (ages 15+)",SL.EMP.TOTL,..,21659139,21157652,20825121,20456515,20202392,20246368,20250274,20353286,20578533,20805300,21204312,21531904,21895788,22629093,22516492,22783128,22932750,23070523,22616439,22406873,22395470,22303605,22019534,22194208,22325723,22593429
Jamaica,JAM,"Total employment, total (ages 15+)",SL.EMP.TOTL,..,930664,951821,957588,986117,981730,989208,988088,998644,1005118,1016106,1032441,1048794,1089520,1106169,1127922,1162769,1184245,1187523,1191768,1197309,1210227,1211830,1212245,1251830,1270671,1291295
Japan,JPN,"Total employment, total (ages 15+)",SL.EMP.TOTL,..,63666881,64423077,64509320,64571207,64734107,65109741,65671954,65232712,64650747,64469113,64190063,63551281,63547622,63575830,63789113,64041074,64556618,64421881,63515233,63285406,62969428,62794462,63334058,63813725,64152974,64752352
Jordan,JOR,"Total employment, total (ages 15+)",SL.EMP.TOTL,..,687005,733531,804824,885752,986374,1031398,1058380,1082033,1103199,1120441,1130321,1138548,1162647,1199223,1238813,1296050,1417292,1485482,1591420,1657333,1715451,1790072,1832054,1936651,1993852,2014899
Kazakhstan,KAZ,"Total employment, total (ages 15+)",SL.EMP.TOTL,..,7954613,7980766,7987351,7430074,7083117,6858138,6776826,6690852,6629495,6679062,6873215,6991182,7077590,7147066,7301685,7451185,7629438,7826764,8011471,8216653,8331891,8417210,8495777,8592248,8660602,8717201
Kenya,KEN,"Total employment, total (ages 15+)",SL.EMP.TOTL,..,8203219,8518202,8845442,9177430,9511782,9825998,10140087,10451091,10780205,10980046,11125789,11292775,11459455,11612941,11746281,12121887,12506504,12915103,13160437,13603480,14066889,14551473,15049202,15555454,16065884,16588289
Kiribati,KIR,"Total employment, total (ages 15+)",SL.EMP.TOTL,..,..,..,..,..,..,..,..,..,..,..,..,..,..,..,..,..,..,..,..,..,..,..,..,..,..,..
"Korea, Dem. People’s Rep.",PRK,"Total employment, total (ages 15+)",SL.EMP.TOTL,..,11476038,11655798,11905763,12158507,12264953,12726941,12871384,13034231,13210945,13326698,13480630,13597448,13726780,13855399,13996422,14096842,14223351,14381675,14514212,14653753,14797369,14931174,15058456,15187331,15308797,15393151
"Korea, Rep.",KOR,"Total employment, total (ages 15+)",SL.EMP.TOTL,..,19224507,19586713,19766357,20386975,20957792,21353065,21752434,20493911,20911509,21802723,22256234,22867138,22818951,23227631,23375749,23673044,23974435,24135565,24016347,24322659,24785678,25215504,25558106,26151652,26437243,26690966
Kosovo,XKX,"Total employment, total (ages 15+)",SL.EMP.TOTL,..,..,..,..,..,..,..,..,..,..,..,..,..,..,..,..,..,..,..,..,..,..,..,..,..,..,..
Kuwait,KWT,"Total employment, total (ages 15+)",SL.EMP.TOTL,..,866517,..,..,..,743812,766673,808190,867612,928717,979717,1010218,1033644,1059561,1088017,1132145,1200432,1273223,1359721,1468761,1582536,1667373,1806881,1934531,2039840,2145822,2182128
Kyrgyz Republic,KGZ,"Total employment, total (ages 15+)",SL.EMP.TOTL,..,1647638,1684302,1697361,1711723,1731874,1734958,1766639,1807147,1848855,1893968,1925970,1868530,1959058,2029548,2123980,2184445,2200493,2206106,2207358,2235898,2279366,2292029,2279828,2317931,2367918,2380501
Lao PDR,LAO,"Total employment, total (ages 15+)",SL.EMP.TOTL,..,1925631,1974827,2025428,2074264,2125367,2170447,2218296,2268755,2319975,2371947,2430820,2487744,2546446,2609359,2671844,2751065,2834460,2919764,3004525,3084153,3155880,3226756,3295208,3363414,3430380,3501030
Latin America & Caribbean,LCN,"Total employment, total (ages 15+)",SL.EMP.TOTL,..,160619272,168144824,173488807,174808866,180694592,185043276,191602134,195978267,198502465,199511487,208410891,213133606,218222111,226770106,233358547,241389928,247230683,250700562,255364967,258796634,264566503,269791691,273881775,278046590,281416934,281568905
Latin America & Caribbean (excluding high income),LAC,"Total employment, total (ages 15+)",SL.EMP.TOTL,..,139073589,146046300,151302387,152481325,159033060,162817149,168468800,172000973,174567748,175481174,184428167,189324660,193158439,200627444,206505598,213665755,218766412,221827337,226410112,229280055,234061390,238952461,242567045,246643708,249571634,249749908
Latvia,LVA,"Total employment, total (ages 15+)",SL.EMP.TOTL,..,1019025,1005789,979182,948901,946901,929648,997270,981367,966413,935210,940123,960978,964587,969767,984069,1040946,1067336,1061568,912921,855853,868402,884935,900004,898023,911271,911444
Least developed countries: UN classification,LDC,"Total employment, total (ages 15+)",SL.EMP.TOTL,..,190214126,195894416,201491673,207565167,213913881,219738773,225690196,231927949,238659953,245596534,252788446,260262209,267226052,274510350,282841948,290422624,297937933,305727085,313691358,322830179,332067880,341482456,350908246,360802472,370823942,381001159
Lebanon,LBN,"Total employment, total (ages 15+)",SL.EMP.TOTL,..,729859,759029,784047,807717,830722,845758,862247,879630,909065,946300,989572,1049546,1117348,1170716,1219975,1255564,1276817,1312851,1359830,1417976,1511385,1624837,1750826,1864969,1958309,2029599
Lesotho,LSO,"Total employment, total (ages 15+)",SL.EMP.TOTL,..,441531,475159,447655,469362,444378,495409,475689,443303,584449,622346,581541,533523,571914,512007,521683,545277,550398,549378,563107,642059,627878,679029,674029,684354,676383,680760
Liberia,LBR,"Total employment, total (ages 15+)",SL.EMP.TOTL,..,605238,600564,599951,607586,626415,662026,703838,758285,811137,853728,884998,906550,931922,951984,978377,1013217,1055013,1111186,1168394,1233050,1271815,1307226,1340454,1376300,1414389,1453383
Libya,LBY,"Total employment, total (ages 15+)",SL.EMP.TOTL,..,1044402,1095197,1139401,1178829,1236560,1260089,1304477,1345436,1388382,1432261,1487368,1537183,1574295,1645029,1693304,1754825,1806362,1859048,1907913,1933213,1961023,1921051,1906420,1895985,1904451,1927925
Liechtenstein,LIE,"Total employment, total (ages 15+)",SL.EMP.TOTL,..,..,..,..,..,..,..,..,..,..,..,..,..,..,..,..,..,..,..,..,..,..,..,..,..,..,..
Lithuania,LTU,"Total employment, total (ages 15+)",SL.EMP.TOTL,..,1476463,1479680,1468352,1460420,1446266,1453780,1480411,1475819,1483310,1414400,1367083,1414344,1467151,1423834,1424290,1424440,1447110,1424157,1312446,1235974,1265191,1286260,1300079,1322889,1336214,1364606
Low & middle income,LMY,"Total employment, total (ages 15+)",SL.EMP.TOTL,..,1767387902,1811924316,1848405284,1882185564,1915434634,1950723520,1983115334,2013519503,2052312721,2090007845,2131658135,2172782487,2214085767,2260147695,2305298536,2341346306,2375188918,2397541770,2424432390,2452482096,2485655700,2515447820,2550480436,2583571713,2613089214,2643702503
Low income,LIC,"Total employment, total (ages 15+)",SL.EMP.TOTL,..,137536933,141587395,145645520,149960426,154336511,158061776,161902628,166347893,170986888,176361779,181073031,186875829,192605658,198324600,204535764,210164398,216141280,222350553,229231958,235719749,242416638,249816492,257458987,265114262,272912101,280953918
Lower middle income,LMC,"Total employment, total (ages 15+)",SL.EMP.TOTL,..,683882874,702449361,719723677,738648483,753017922,768919369,783941610,801346166,820073479,836794048,857188754,877243325,899603631,921384108,943649343,958928874,971896617,984113244,997869004,1012855857,1028335628,1041913756,1062676020,1082513608,1098713368,1119399318
Luxembourg,LUX,"Total employment, total (ages 15+)",SL.EMP.TOTL,..,163144,166594,166026,165661,162731,165649,169432,171604,177405,184307,185664,189817,187842,191105,198113,203079,207019,209254,222324,227528,231491,242108,247858,257779,263898,264245
"Macao SAR, China",MAC,"Total employment, total (ages 15+)",SL.EMP.TOTL,..,146987,153369,157100,159874,166173,190813,195768,196335,197058,200899,211183,213264,216960,232111,247347,264662,286225,300020,309388,322387,333909,343059,352698,364620,370059,370711
"Macedonia, FYR",MKD,"Total employment, total (ages 15+)",SL.EMP.TOTL,..,522128,522335,520570,520007,524616,520884,524025,538320,557831,566682,587877,582098,548646,524800,545075,571534,590767,612399,635241,642858,650539,652499,681123,693713,709696,726192
Madagascar,MDG,"Total employment, total (ages 15+)",SL.EMP.TOTL,..,5307786,5471722,5645600,5829213,6020373,6208612,6407036,6615295,6832293,7058298,7314421,7584803,7865063,8213741,8580819,8897516,9218233,9545074,9883195,10229579,10711891,11218544,11508135,11789869,12017895,12391692
Malawi,MWI,"Total employment, total (ages 15+)",SL.EMP.TOTL,..,3720401,3750467,3757232,3773839,3808451,3872226,3963861,4074693,4195090,4318687,4427169,4541617,4664125,4796392,4938708,5108340,5285430,5472668,5671564,5884529,6103977,6344015,6603204,6824421,7050875,7282485
Malaysia,MYS,"Total employment, total (ages 15+)",SL.EMP.TOTL,..,7025963,7233840,7490068,7699765,7904597,8189940,8448002,8695538,8943261,9247625,9450106,9709512,9961123,10239766,10524678,10784203,11027120,11186960,11482711,11821615,12393646,12945376,13585238,14021441,14368081,14601127
Maldives,MDV,"Total employment, total (ages 15+)",SL.EMP.TOTL,..,59430,61467,63648,66021,68610,71908,75417,79245,83532,88434,95977,104549,114193,123965,134001,145155,151085,157727,163547,171270,178204,184582,191926,198111,201386,203157
Mali,MLI,"Total employment, total (ages 15+)",SL.EMP.TOTL,..,2255799,2311062,2372213,2438091,2507507,2573318,2644190,2696613,2753201,2815707,2875828,2944274,3014918,3089779,3305239,3517452,3715588,4019681,4339870,4728678,5046706,5299401,5557201,5891392,5980088,6161671
Malta,MLT,"Total employment, total (ages 15+)",SL.EMP.TOTL,..,131657,132441,134038,134456,137547,137739,139836,141022,143293,146336,148302,149206,149209,146818,149579,152060,156454,159495,160374,164086,168863,173215,179745,187921,195310,202801
Marshall Islands,MHL,"Total employment, total (ages 15+)",SL.EMP.TOTL,..,..,..,..,..,..,..,..,..,..,..,..,..,..,..,..,..,..,..,..,..,..,..,..,..,..,..
Mauritania,MRT,"Total employment, total (ages 15+)",SL.EMP.TOTL,..,542164,551010,566243,583358,600335,619703,641574,663814,686300,710301,731618,753491,775790,798653,822094,845240,869397,894508,920797,948245,976678,1006499,1039959,1074654,1110586,1144026
Mauritius,MUS,"Total employment, total (ages 15+)",SL.EMP.TOTL,..,412323,428336,429863,433992,440891,454463,465308,476724,474922,499858,500050,497841,494031,488106,490314,495473,498909,511775,515363,524386,523789,530077,540445,551360,559039,560037
Mexico,MEX,"Total employment, total (ages 15+)",SL.EMP.TOTL,..,30501773,31749373,33043477,33547175,33416364,34874572,36983502,37887300,38639342,39303835,39669929,40385267,40733076,42120476,43237192,44749779,45839370,46597412,46894709,47849220,49008572,50754677,51611654,52187622,53587311,54780226
"Micronesia, Fed. Sts.",FSM,"Total employment, total (ages 15+)",SL.EMP.TOTL,..,..,..,..,..,..,..,..,..,..,..,..,..,..,..,..,..,..,..,..,..,..,..,..,..,..,..
Middle East & North Africa,MEA,"Total employment, total (ages 15+)",SL.EMP.TOTL,..,63262394,64257799,66094772,68278215,70293356,72409730,74657651,76476973,80084959,82242032,84464654,87266463,90583590,95350590,99120881,103089333,107307719,110399653,113888925,116192387,118964608,121342694,124751854,126213871,129072874,132018059
Middle East & North Africa (excluding high income),MNA,"Total employment, total (ages 15+)",SL.EMP.TOTL,..,53757270,55242711,56639074,58393085,59296655,61177201,63179776,64692238,67988447,69571364,71342026,73699924,76367519,80311232,83049592,85851284,88630297,90239169,92403997,93108215,94581712,95590720,97814976,98231895,99959919,102151173
Middle income,MIC,"Total employment, total (ages 15+)",SL.EMP.TOTL,..,1629850968,1670336921,1702759764,1732225138,1761098123,1792661745,1821212707,1847171610,1881325834,1913646066,1950585104,1985906658,2021480109,2061823095,2100762773,2131181908,2159047638,2175191217,2195200432,2216762347,2243239062,2265631329,2293021450,2318457451,2340177113,2362748584
Moldova,MDA,"Total employment, total (ages 15+)",SL.EMP.TOTL,..,1221993,1234814,1235723,1280212,1265979,1240365,1236998,1247201,1254412,1297320,1318560,1331123,1323062,1329359,1316846,1283756,1281933,1260653,1192240,1155951,1177342,1149960,1178057,1189188,1272192,1227619
Monaco,MCO,"Total employment, total (ages 15+)",SL.EMP.TOTL,..,..,..,..,..,..,..,..,..,..,..,..,..,..,..,..,..,..,..,..,..,..,..,..,..,..,..
Mongolia,MNG,"Total employment, total (ages 15+)",SL.EMP.TOTL,..,690233,712771,740326,752178,793757,803296,811693,845207,875757,900266,922971,934582,947750,1001756,1028849,1052200,1028204,1066722,1084220,1092795,1150003,1164864,1185552,1201724,1217062,1176932
Montenegro,MNE,"Total employment, total (ages 15+)",SL.EMP.TOTL,..,170183,172489,173280,168034,171681,172691,171087,170858,167684,171657,170534,171239,171988,172647,173031,187592,199891,205427,200447,198592,197578,199507,200100,203651,204536,203720
Morocco,MAR,"Total employment, total (ages 15+)",SL.EMP.TOTL,..,6483130,6796030,7000691,6806924,6750236,7257473,7588064,7530411,8221771,8447623,8712426,8918836,9129041,9440507,9554286,9795854,9958296,10084147,10321614,10506402,10704130,10735505,10895372,11014962,11163444,11362927
Mozambique,MOZ,"Total employment, total (ages 15+)",SL.EMP.TOTL,..,4609791,4957715,5191347,5438973,5677862,5823771,5979109,6192977,6406500,6623496,6812386,7019802,7231830,7409519,7588657,7749350,7913560,8073131,8225690,8366510,8483678,8584629,8760656,8787594,9057503,9354334
Myanmar,MMR,"Total employment, total (ages 15+)",SL.EMP.TOTL,..,18850944,19177683,19529694,19881732,20263443,20664505,21089680,21518865,21881635,22189679,22442858,22662581,22832010,22974828,23091819,23148793,23212690,23299069,23378911,23477060,23710744,23924843,24134113,24365823,24620762,24889122
Namibia,NAM,"Total employment, total (ages 15+)",SL.EMP.TOTL,..,379457,394160,409360,422436,434297,445858,453628,474138,494303,508086,520053,530034,538785,541159,550532,560417,570467,581206,593132,614443,645595,701973,707525,737882,749341,734790
Nauru,NRU,"Total employment, total (ages 15+)",SL.EMP.TOTL,..,..,..,..,..,..,..,..,..,..,..,..,..,..,..,..,..,..,..,..,..,..,..,..,..,..,..
Nepal,NPL,"Total employment, total (ages 15+)",SL.EMP.TOTL,..,9066838,9343870,9651351,9984085,10284891,10544740,10867192,11187650,11576424,11799716,12022973,12233836,12450079,12650483,12835244,13049060,13242895,13421669,13623622,13852942,14177196,14539788,14908368,15375966,15755574,16178964
Netherlands,NLD,"Total employment, total (ages 15+)",SL.EMP.TOTL,..,6509574,6716746,6732193,6781828,6846014,6991776,7245113,7467709,7675159,7936333,8131217,8227748,8177695,8142571,8174629,8308984,8516334,8687251,8721207,8470992,8409094,8441186,8338754,8303304,8414104,8506375
New Caledonia,NCL,"Total employment, total (ages 15+)",SL.EMP.TOTL,..,63186,65652,68320,70954,73402,75309,77552,79850,82150,84272,86613,88754,90810,90856,93007,95196,97368,99657,101437,102861,104795,106820,108818,110979,113015,114702
New Zealand,NZL,"Total employment, total (ages 15+)",SL.EMP.TOTL,..,1522032,1527289,1558655,1625339,1699597,1750677,1758869,1747901,1775286,1810464,1859018,1920619,1967533,2036282,2095631,2144109,2183826,2194713,2168409,2181850,2212999,2211125,2256127,2332254,2378241,2474795
Nicaragua,NIC,"Total employment, total (ages 15+)",SL.EMP.TOTL,..,1192686,1223696,1247001,1271591,1286168,1365821,1449393,1504582,1604166,1690690,1712572,1744261,1884544,1960288,2032825,2094171,2168582,2202463,2218671,2288922,2368376,2449282,2547533,2632273,2692523,2754367
Niger,NER,"Total employment, total (ages 15+)",SL.EMP.TOTL,..,3178251,3286178,3403380,3528625,3661216,3817180,3983740,4158904,4341841,4531653,4708840,4846459,4991784,5143854,5302633,5488513,5709381,5940607,6186685,6447821,6718065,6967200,7230969,7508796,7800670,8092940
Nigeria,NGA,"Total employment, total (ages 15+)",SL.EMP.TOTL,..,28744490,29470065,30475637,31254194,32067348,32837720,33656558,34509458,35413900,36316475,37220339,38168002,39107880,39913104,41008928,42057203,43175790,44359083,45594826,46878899,48153119,49482038,50869569,51786648,53384881,53303018
North America,NAC,"Total employment, total (ages 15+)",SL.EMP.TOTL,..,133185483,134168536,136307915,139834099,142482780,144679837,147925522,150793219,153483569,156037062,156054296,155627923,156295925,158270470,160926687,163657533,165289782,165442771,159811530,159284020,160695491,163503154,165397524,168185430,170717345,173381555
Northern Mariana Islands,MNP,"Total employment, total (ages 15+)",SL.EMP.TOTL,..,..,..,..,..,..,..,..,..,..,..,..,..,..,..,..,..,..,..,..,..,..,..,..,..,..,..
Norway,NOR,"Total employment, total (ages 15+)",SL.EMP.TOTL,..,2023806,2019773,2020408,2057045,2077871,2155615,2221578,2288123,2304643,2322740,2326897,2341294,2307771,2319745,2325231,2382087,2460043,2532455,2518603,2516151,2542578,2588258,2606824,2628994,2644188,2639276
OECD members,OED,"Total employment, total (ages 15+)",SL.EMP.TOTL,..,473024630,474258634,474407211,479759423,485466488,491546301,499571324,504826727,510656020,516944923,519829290,521065618,523649400,529679152,537321223,547465807,556063469,561053715,550637721,553950144,557576594,563318580,567506298,575421759,582747790,589332451
Oman,OMN,"Total employment, total (ages 15+)",SL.EMP.TOTL,..,492885,537298,586231,633132,670574,665700,652034,640718,634373,630114,643604,667886,698169,731226,768636,817263,877654,946164,1034947,1143087,1275380,1414930,1581860,1753320,1914755,2028065
Pakistan,PAK,"Total employment, total (ages 15+)",SL.EMP.TOTL,..,29979903,30986181,31821133,32956598,32881297,34121036,35393864,36450992,37684480,38637946,39373640,40546179,42027653,44174006,46231574,49351461,50918750,52154785,53840654,55759558,57047505,58289647,59523561,61569857,63087063,65767702
Palau,PLW,"Total employment, total (ages 15+)",SL.EMP.TOTL,..,..,..,..,..,..,..,..,..,..,..,..,..,..,..,..,..,..,..,..,..,..,..,..,..,..,..
Panama,PAN,"Total employment, total (ages 15+)",SL.EMP.TOTL,..,805004,856674,909957,932510,974269,997313,1034950,1060220,1111531,1121818,1138188,1179066,1219674,1274580,1340901,1371184,1449340,1531521,1568323,1589170,1609333,1680403,1747420,1764230,1817763,1846054
Papua New Guinea,PNG,"Total employment, total (ages 15+)",SL.EMP.TOTL,..,1803030,1842271,1876203,1929536,2000675,2050731,2125652,2200141,2268294,2346229,2418900,2495012,2569335,2645099,2713865,2792672,2860770,2933834,3007381,3080534,3123174,3193082,3272126,3343468,3421806,3510582
Paraguay,PRY,"Total employment, total (ages 15+)",SL.EMP.TOTL,..,1664188,1708087,1765276,1834565,1909352,1869022,1982523,2042340,2012029,2113376,2174861,2163006,2294811,2377566,2484084,2524318,2613888,2672239,2748911,2751093,2816076,3024691,3036585,3004205,3080008,3148709
Peru,PER,"Total employment, total (ages 15+)",SL.EMP.TOTL,..,7595544,7926909,8380766,8816585,9276999,9801259,10237764,10586841,10946865,10837728,11497587,11998526,12473351,13078586,13561048,14122295,14616197,14940125,15336246,15836904,16034275,16352950,16499628,16661446,16693537,16914198
Philippines,PHL,"Total employment, total (ages 15+)",SL.EMP.TOTL,..,22581095,23315441,24010237,24648945,25339721,25972252,26644232,27444638,28128318,28836377,29617145,30351540,31078549,31636661,32411598,33227342,34292552,35059907,36188560,37234979,38484402,39091323,39764581,40981345,41676124,42568594
Poland,POL,"Total employment, total (ages 15+)",SL.EMP.TOTL,..,15440935,15451168,15294076,15056491,15071160,15189323,15310787,15517963,15056330,14494390,14346834,13922283,13948899,13972747,14418116,14927259,15665173,16315288,16377049,16297162,16360511,16390036,16380814,16736510,16951974,17260697
Portugal,PRT,"Total employment, total (ages 15+)",SL.EMP.TOTL,..,4696624,4561811,4515346,4489520,4479159,4525218,4649842,4884291,4935499,5045332,5147449,5197630,5132087,5105937,5087072,5107448,5110472,5127713,4974170,4898098,4742450,4551634,4440290,4513732,4569162,4630747
Puerto Rico,PRI,"Total employment, total (ages 15+)",SL.EMP.TOTL,..,996667,997333,1044415,1077914,1090084,1132872,1169143,1186348,1217460,1215769,1213699,1218798,1227097,1248367,1247451,1258819,1238961,1204079,1139217,1104863,1087686,1083888,1064509,1042475,1036892,1024557
Qatar,QAT,"Total employment, total (ages 15+)",SL.EMP.TOTL,..,268985,272276,277378,281036,285465,289386,293714,301558,311543,322181,339261,363556,398494,455877,534538,654888,813199,986972,1163986,1334612,1448601,1562910,1672384,1774629,1869311,1925657
Romania,ROU,"Total employment, total (ages 15+)",SL.EMP.TOTL,..,11116436,11131377,11198923,11267669,11294697,11111054,11306460,11139280,11076758,10930213,10642417,9423458,9259783,9126007,8899974,9027836,8947391,8801669,8592374,8720541,8527633,8604538,8529158,8575985,8484040,8411927
Russian Federation,RUS,"Total employment, total (ages 15+)",SL.EMP.TOTL,..,71978721,72499679,70353866,66985076,65601692,64805193,62243410,60521587,63910802,66388186,66372116,68013881,67660462,68629035,69572059,69811282,71533857,71849482,70299168,70950512,71927708,72621218,72342544,72410094,72039160,71983025
Rwanda,RWA,"Total employment, total (ages 15+)",SL.EMP.TOTL,..,3216859,3105431,2987691,2922949,2933032,3030703,3218594,3452247,3679046,3869129,4026326,4149379,4244597,4333016,4429411,4540851,4657439,4776070,4899831,5026498,5150788,5284953,5501653,5720759,5880089,6041040
Samoa,WSM,"Total employment, total (ages 15+)",SL.EMP.TOTL,..,32996,33460,33599,34006,33748,33781,34118,34226,34230,33849,33713,34136,34488,34800,35098,35633,35287,35248,35621,35650,35228,34420,34926,35270,35481,35645
San Marino,SMR,"Total employment, total (ages 15+)",SL.EMP.TOTL,..,..,..,..,..,..,..,..,..,..,..,..,..,..,..,..,..,..,..,..,..,..,..,..,..,..,..
Sao Tome and Principe,STP,"Total employment, total (ages 15+)",SL.EMP.TOTL,..,28884,29566,30307,31030,31737,32563,33381,34235,35176,36208,36605,36777,38396,39601,40557,41663,43197,44742,46341,47956,49723,51368,52837,54313,55813,57254
Saudi Arabia,SAU,"Total employment, total (ages 15+)",SL.EMP.TOTL,..,4793899,4967540,5127622,5257976,5381147,5476295,5594055,5731546,5806025,6110793,6310151,6527675,6833321,7160193,7495523,7793633,8151830,8510551,8790167,9288344,9882536,10584009,11185946,11682593,12265332,12644251
Senegal,SEN,"Total employment, total (ages 15+)",SL.EMP.TOTL,..,2093645,2159011,2225869,2293892,2359834,2419411,2478397,2537317,2598751,2665481,2736697,2814742,2860269,2908142,2957325,3007925,3155040,3310478,3474681,3647332,3826093,4010546,4204458,4405101,4619793,4764377
Serbia,SRB,"Total employment, total (ages 15+)",SL.EMP.TOTL,..,2927091,2963090,2985514,2969159,2933596,2945831,2914844,2909230,2922686,2939426,2923364,2881214,2826881,2705140,2618030,2607557,2697359,2797485,2639097,2478265,2349224,2329743,2416866,2513645,2524097,2688176
Seychelles,SYC,"Total employment, total (ages 15+)",SL.EMP.TOTL,..,..,..,..,..,..,..,..,..,..,..,..,..,..,..,..,..,..,..,..,..,..,..,..,..,..,..
Sierra Leone,SLE,"Total employment, total (ages 15+)",SL.EMP.TOTL,..,1493249,1492923,1482634,1474398,1473211,1473257,1482075,1498879,1529205,1572062,1634225,1705362,1789144,1917860,1973168,2011080,2041196,2066755,2092194,2120060,2144008,2170477,2198583,2228754,2298487,2358732
Singapore,SGP,"Total employment, total (ages 15+)",SL.EMP.TOTL,..,1531874,1567933,1611759,1669545,1723069,1785604,1870107,1914980,1906546,1971020,2038148,2001462,1976892,2012467,2090331,2210419,2349287,2525183,2606548,2719351,2801195,2908712,2969817,3052031,3167910,3204829
Sint Maarten (Dutch part),SXM,"Total employment, total (ages 15+)",SL.EMP.TOTL,..,..,..,..,..,..,..,..,..,..,..,..,..,..,..,..,..,..,..,..,..,..,..,..,..,..,..
Slovak Republic,SVK,"Total employment, total (ages 15+)",SL.EMP.TOTL,..,2309627,2254823,2212666,2121716,2155815,2230785,2218056,2217413,2144617,2092299,2122643,2132472,2203319,2176784,2229122,2298891,2355020,2426930,2350859,2297524,2320230,2332129,2331220,2364272,2424197,2495292
Slovenia,SVN,"Total employment, total (ages 15+)",SL.EMP.TOTL,..,872529,866439,858282,860994,873016,878276,896082,906530,894219,894400,914321,925076,900251,949212,952088,963955,989366,990204,981644,967426,938574,926737,909754,918003,919192,917190
Solomon Islands,SLB,"Total employment, total (ages 15+)",SL.EMP.TOTL,..,122689,126284,131026,135307,139777,144973,150650,156043,161861,169642,176222,182108,186754,191703,196624,201461,206056,210649,217084,221684,225484,230894,236739,242968,248948,255280
Somalia,SOM,"Total employment, total (ages 15+)",SL.EMP.TOTL,..,1897369,1895843,1897209,1905434,1922046,1946789,1984095,2029901,2079368,2131321,2170844,2217407,2269383,2324959,2383430,2443640,2506053,2572228,2645884,2729565,2806777,2895917,2994630,3099030,3207034,3315001
South Africa,ZAF,"Total employment, total (ages 15+)",SL.EMP.TOTL,..,8919618,9093123,10185673,11115804,11895231,11593792,11588643,11539399,11746378,12350467,12237692,12164416,12402876,13145681,13618532,14137176,14491860,15078122,14597077,14151843,14378413,14710100,15159193,15415824,15977546,15940018
South Asia,SAS,"Total employment, total (ages 15+)",SL.EMP.TOTL,..,405797823,416426942,427107813,439281402,447869230,457315718,466536847,477147914,487529527,496757907,510209522,524206367,539441088,554955881,570961395,577588623,582122166,584967894,590090971,595935836,601827864,607256983,619820716,632780671,644447640,657734516
South Sudan,SSD,"Total employment, total (ages 15+)",SL.EMP.TOTL,..,2075140,2042750,2000387,1980309,1976102,2021990,2098326,2205508,2313885,2421629,2515061,2606854,2710629,2812191,2932487,3065522,3207288,3361143,3516971,3668947,3833703,3994253,4059326,4234955,4385518,4547584
Spain,ESP,"Total employment, total (ages 15+)",SL.EMP.TOTL,..,13235237,13074493,12542471,12449660,12791633,13096444,13596825,14171242,15002425,15746381,16313642,16918439,17579157,18213932,19312324,20055518,20635999,20518705,19210164,18895021,18562998,17752809,17277887,17487847,17970538,18498485
Sri Lanka,LKA,"Total employment, total (ages 15+)",SL.EMP.TOTL,..,6143477,6021658,6169829,6348269,6277232,6452552,6616833,7246719,7165869,7224589,7283231,7284667,7394318,7442566,7555397,7696228,7780039,7876788,7853282,7835122,7911733,7855408,8121583,8077446,8121702,8253002
St. Kitts and Nevis,KNA,"Total employment, total (ages 15+)",SL.EMP.TOTL,..,..,..,..,..,..,..,..,..,..,..,..,..,..,..,..,..,..,..,..,..,..,..,..,..,..,..
St. Lucia,LCA,"Total employment, total (ages 15+)",SL.EMP.TOTL,..,46137,47756,48283,49359,50701,51721,50243,50678,54203,56571,60274,56794,57238,60014,63656,67925,71509,74463,73761,70408,73454,74594,72905,73648,73420,77114
St. Martin (French part),MAF,"Total employment, total (ages 15+)",SL.EMP.TOTL,..,..,..,..,..,..,..,..,..,..,..,..,..,..,..,..,..,..,..,..,..,..,..,..,..,..,..
St. Vincent and the Grenadines,VCT,"Total employment, total (ages 15+)",SL.EMP.TOTL,..,34008,35055,35448,35619,36842,36963,37784,38411,38705,39145,39053,40390,41361,42085,42783,43873,44340,44371,44752,45159,45645,46158,46660,46741,47094,47326
Sub-Saharan Africa,SSF,"Total employment, total (ages 15+)",SL.EMP.TOTL,..,180140000,185390540,191707852,197974350,204150188,208955504,214160115,219614405,225481585,232607531,238931173,245955609,253369680,261328542,269767898,278053568,286443453,295584166,303716809,312327663,322258387,332712639,343502490,353496069,364489617,373334923
Sub-Saharan Africa (excluding high income),SSA,"Total employment, total (ages 15+)",SL.EMP.TOTL,..,180140000,185390540,191707852,197974350,204150188,208955504,214160115,219614405,225481585,232607531,238931173,245955609,253369680,261328542,269767898,278053568,286443453,295584166,303716809,312327663,322258387,332712639,343502490,353496069,364489617,373334923
Sudan,SDN,"Total employment, total (ages 15+)",SL.EMP.TOTL,..,4932320,5215380,5438439,5713870,5962930,6148329,6263800,6412089,6537946,6653015,6800791,6968320,7113594,7280522,7469318,7548267,7667551,7813952,7924059,8105189,8310984,8516373,8713355,8970156,9201985,9457417
Suriname,SUR,"Total employment, total (ages 15+)",SL.EMP.TOTL,..,106345,114715,118994,125457,134057,133927,137612,140437,138393,142709,148482,151476,156171,159824,162345,166545,170312,174033,177714,184235,188979,193619,199928,198637,200955,200689
Sweden,SWE,"Total employment, total (ages 15+)",SL.EMP.TOTL,..,4573089,4369829,4110350,4078420,4157093,4121640,4060399,4114149,4198253,4266602,4379403,4395731,4379713,4362092,4387848,4415229,4529506,4589707,4500743,4517201,4609738,4633326,4689454,4733616,4798586,4878644
Switzerland,CHE,"Total employment, total (ages 15+)",SL.EMP.TOTL,..,3787919,3776475,3763666,3729535,3758603,3784554,3765320,3832010,3871725,3889611,3952912,3972764,3969262,3968595,3986615,4066806,4150509,4262226,4295509,4235965,4339190,4391424,4435288,4513947,4583235,4649332
Syrian Arab Republic,SYR,"Total employment, total (ages 15+)",SL.EMP.TOTL,..,3431235,3515711,3638049,3778596,3939934,3827651,3758061,4065053,4340146,4753013,4409531,4467818,4609816,4598672,4684194,4876159,4971456,5049789,5177724,5263065,4819515,4684565,4497674,4300191,4120838,4068830
Tajikistan,TJK,"Total employment, total (ages 15+)",SL.EMP.TOTL,..,1601207,1646964,1670224,1692493,1716363,1681370,1711355,1754453,1788082,1845103,1908498,1967182,2041793,2118393,2198352,2278643,2351448,2426510,2491496,2561237,2644764,2727118,2801869,2874107,2942625,3006566
Tanzania,TZA,"Total employment, total (ages 15+)",SL.EMP.TOTL,..,11441213,11822194,12220164,12621751,13018215,13366991,13715669,14068285,14431695,14812982,15175979,15848053,16251324,16675579,17127319,17607266,18282237,18983732,19809868,20354039,20897034,21662650,22440840,23339839,24097195,24872475
Thailand,THA,"Total employment, total (ages 15+)",SL.EMP.TOTL,..,29599060,30463008,30843419,31315635,32013313,32808801,33566729,33038238,33384263,34302272,34925289,35655410,36180378,36720627,37271676,37487977,38086910,38476357,38603993,39059712,39792273,39867354,39356443,39254953,38656059,38630555
Timor-Leste,TLS,"Total employment, total (ages 15+)",SL.EMP.TOTL,..,268966,275592,280809,283819,284781,275031,263278,252947,242244,229272,230423,233178,235927,238039,238139,242007,239383,239346,239547,242109,244145,248145,253605,258581,263597,269124
Togo,TGO,"Total employment, total (ages 15+)",SL.EMP.TOTL,..,1687573,1729298,1774329,1819475,1870837,1933635,2001268,2075727,2151248,2227424,2296827,2365978,2434557,2505568,2579514,2652448,2710918,2769645,2827628,2884440,2937958,3021348,3107307,3194878,3284428,3374667
Tonga,TON,"Total employment, total (ages 15+)",SL.EMP.TOTL,..,32446,33136,33703,34165,33998,33908,33973,34028,34049,34007,34409,34694,34965,35708,36412,37471,37911,38177,38439,38646,38778,38952,39223,39407,39614,40117
Trinidad and Tobago,TTO,"Total employment, total (ages 15+)",SL.EMP.TOTL,..,370410,382453,394764,414554,432845,451147,466824,480511,494139,507490,523128,535137,552557,583748,603312,619710,627563,637551,629664,631482,642290,641243,651679,657253,652944,644674
Tunisia,TUN,"Total employment, total (ages 15+)",SL.EMP.TOTL,..,2175277,2229084,2314660,2385917,2462199,2524321,2593679,2596942,2679945,2732240,2789798,2820123,2883062,2928718,3012654,3100668,3182769,3247670,3229084,3309617,3166378,3276086,3367454,3423153,3442883,3449901
Turkey,TUR,"Total employment, total (ages 15+)",SL.EMP.TOTL,..,18395989,18461197,17510929,18884417,19344428,19842807,19764924,20264891,20495533,20024970,19943728,19785609,19599413,19502716,19942531,20301725,20624399,21099947,21174575,22529856,23963137,24574966,25370134,25802019,26667192,27416343
Turkmenistan,TKM,"Total employment, total (ages 15+)",SL.EMP.TOTL,..,1357700,1409711,1458225,1507359,1553951,1576689,1618063,1665903,1708306,1752587,1797931,1834255,1871345,1910592,1957557,2000475,2051443,2109764,2161019,2210234,2268989,2316715,2358273,2400001,2442434,2475928
Turks and Caicos Islands,TCA,"Total employment, total (ages 15+)",SL.EMP.TOTL,..,..,..,..,..,..,..,..,..,..,..,..,..,..,..,..,..,..,..,..,..,..,..,..,..,..,..
Tuvalu,TUV,"Total employment, total (ages 15+)",SL.EMP.TOTL,..,..,..,..,..,..,..,..,..,..,..,..,..,..,..,..,..,..,..,..,..,..,..,..,..,..,..
Uganda,UGA,"Total employment, total (ages 15+)",SL.EMP.TOTL,..,6448077,6639461,6819574,7007949,7205853,7378928,7565802,7767560,7985250,8220601,8468859,8739505,9076917,9472030,9891716,10198607,10525690,10871265,11235197,11700522,12180834,12705433,13403464,13902116,14418214,14927401
Ukraine,UKR,"Total employment, total (ages 15+)",SL.EMP.TOTL,..,23217780,23332391,23442591,23432946,23292979,22447062,21750628,20795826,20319708,20520803,20249326,20399499,20408021,20369140,20566020,20527496,20511415,20403482,19807067,19904967,19923775,19797740,20025016,18995885,19016608,18828136
United Arab Emirates,ARE,"Total employment, total (ages 15+)",SL.EMP.TOTL,..,989502,1064313,1146829,1229921,1314530,1377618,1449958,1534144,1627284,1732001,1862984,2008731,2194893,2462660,2837507,3321432,3925337,4542022,5136959,5667108,5932002,6087229,6160736,6212818,6280329,6310626
United Kingdom,GBR,"Total employment, total (ages 15+)",SL.EMP.TOTL,..,26438957,25933323,25557391,25703894,25949271,26182007,26664306,26978029,27295284,27666871,27884363,28097358,28432334,28759176,29136845,29376873,29597705,29869044,29425472,29516735,29603895,29975391,30378310,31118452,31637269,32072880
United States,USA,"Total employment, total (ages 15+)",SL.EMP.TOTL,..,119905251,121034707,123124198,126405521,128858777,130947030,133885791,136394215,138709125,140910679,140752891,139981250,140248434,141951005,144390641,146877694,148118950,148009711,142662805,141895097,143067821,145643468,147271767,149938774,152347424,154850111
Upper middle income,UMC,"Total employment, total (ages 15+)",SL.EMP.TOTL,..,945968094,967887560,983036087,993576655,1008080201,1023742376,1037271097,1045825445,1061252354,1076852019,1093396350,1108663333,1121876478,1140438986,1157113430,1172253034,1187151021,1191077973,1197331428,1203906490,1214903434,1223717573,1230345430,1235943843,1241463745,1243349266
Uruguay,URY,"Total employment, total (ages 15+)",SL.EMP.TOTL,..,1273708,1307240,1315641,1343155,1357746,1341650,1362287,1400711,1390127,1368572,1371566,1327536,1323009,1378873,1400004,1461797,1497849,1543242,1571954,1589836,1623826,1619621,1617109,1637508,1620277,1616670
Uzbekistan,UZB,"Total employment, total (ages 15+)",SL.EMP.TOTL,..,7210266,7420471,7601545,7793393,7972924,8029707,8263108,8489615,8687104,8923867,9177655,9432539,9690206,9958462,10230105,10509881,10809600,11124434,11449976,11915211,12338521,12632724,12940971,13252746,13552744,13901191
Vanuatu,VUT,"Total employment, total (ages 15+)",SL.EMP.TOTL,..,56578,58487,60523,62081,64005,65514,66786,68129,69734,71181,73681,76515,78943,81499,83909,86537,89177,91556,94246,97191,99826,102819,106009,109121,112312,115375
"Venezuela, RB",VEN,"Total employment, total (ages 15+)",SL.EMP.TOTL,..,7086500,7477987,7807066,7866097,7980711,8082568,8387620,8646483,8525267,8923670,9240715,9079954,9219554,9904729,10542210,11122374,11507380,11854544,11960882,12098065,12418845,12602905,12820582,13171407,13400279,13347850
Vietnam,VNM,"Total employment, total (ages 15+)",SL.EMP.TOTL,..,33367048,34200483,35051717,35908747,36783541,37631089,38182734,39404259,40390165,41356179,42209591,43442480,44270482,45216757,46087178,46858648,47682585,48737392,49541855,50568490,51891156,53021226,53889747,54856424,55291599,55693946
Virgin Islands (U.S.),VIR,"Total employment, total (ages 15+)",SL.EMP.TOTL,..,45545,46203,46999,46298,47022,46995,46917,47948,48054,49045,49132,50386,49639,50094,50367,50672,50831,50779,50359,50626,49787,49204,49104,48936,48600,48417
West Bank and Gaza,PSE,"Total employment, total (ages 15+)",SL.EMP.TOTL,..,316970,332463,348954,363280,378399,398051,435802,479083,511878,511774,462080,432881,501268,517045,564823,590049,644070,644611,660655,684292,767632,788853,815386,826879,890686,910603
World,WLD,"Total employment, total (ages 15+)",SL.EMP.TOTL,..,2232482786,2277383457,2313892729,2352099152,2390977784,2431318117,2470915288,2506302450,2550675003,2595174197,2639877970,2682459568,2728371940,2780594238,2834509305,2880137936,2923487568,2951114855,2969074028,2998463947,3035857261,3070457528,3110230670,3151079773,3188571903,3227129467
"Yemen, Rep.",YEM,"Total employment, total (ages 15+)",SL.EMP.TOTL,..,2492727,2649266,2833715,3000396,3174496,3298258,3420136,3543536,3675483,3686767,3721161,3750457,3784481,3857435,3961971,4073885,4197861,4329724,4464696,4412030,4612118,4707257,4825820,4957544,5223983,5412727
Zambia,ZMB,"Total employment, total (ages 15+)",SL.EMP.TOTL,..,2823635,2878272,2941404,3065831,3198259,3378095,3540652,3706118,3795143,3887283,4011834,4140605,4273359,4411677,4556608,4675203,4800658,4969041,4929926,4897027,5210477,5477062,5669872,5871039,6080042,6288209
Zimbabwe,ZWE,"Total employment, total (ages 15+)",SL.EMP.TOTL,..,3993713,4098384,4197247,4295678,4374988,4436756,4481331,4532429,4581953,4844473,5099891,5355190,5607936,5842804,5918998,6014149,6114392,6221100,6329902,6446909,6588619,6749094,6922911,7102680,7287739,7478802
,,,,,,,,,,,,,,,,,,,,,,,,,,,,,,
,,,,,,,,,,,,,,,,,,,,,,,,,,,,,,
,,,,,,,,,,,,,,,,,,,,,,,,,,,,,,
Data from database: Jobs,,,,,,,,,,,,,,,,,,,,,,,,,,,,,,
Last Updated: 02/17/2021,,,,,,,,,,,,,,,,,,,,,,,,,,,,,,
